hh_id,wave,datetime,ID_VILLAGE,ID_TOWN,ID_COUNTY,district,vid,hh_lat_median,hh_long_median,hh_alt_median,coal_ban_time,treatment,treatment_wave,village,indmonitor_id,pm2.5_indoor_seasonal_hs,N_percent_indoor_seasonal_hs,notes
HH20181169,S3,1/6/21,12305,7052,25151,Fangshan,FS37,39.57702966,115.7406003,103.3025818,Not Yet,Untreated,Untreated,Beibaidai,1807-7,68.97763,0.9988657,
HH20181161,S3,1/6/21,12305,7052,25151,Fangshan,FS37,39.57702966,115.7406003,103.3025818,Not Yet,Untreated,Untreated,Beibaidai,1910-094,130.8159,0.1521991,
HH20180452,S3,1/6/21,12305,7052,25151,Fangshan,FS37,39.57702966,115.7406003,103.3025818,Not Yet,Untreated,Untreated,Beibaidai,1910-104,38.76813,0.7352431,
HH20180550,S3,1/6/21,12305,7052,25151,Fangshan,FS37,39.57702966,115.7406003,103.3025818,Not Yet,Untreated,Untreated,Beibaidai,1910-138,30.06498,0.9989005,
HH20180551,S3,1/6/21,12305,7052,25151,Fangshan,FS37,39.57702966,115.7406003,103.3025818,Not Yet,Untreated,Untreated,Beibaidai,1910-223,105.6651,0.9989236,
HH20181167,S3,1/6/21,12305,7052,25151,Fangshan,FS37,39.57702966,115.7406003,103.3025818,Not Yet,Untreated,Untreated,Beibaidai,1910-279,52.56747,0.4465625,
HH20180451,S3,1/6/21,12305,7052,25151,Fangshan,FS37,39.57702966,115.7406003,103.3025818,Not Yet,Untreated,Untreated,Beibaidai,,,,
HH20180733,S3,1/6/21,12305,7052,25151,Fangshan,FS37,39.57702966,115.7406003,103.3025818,Not Yet,Untreated,Untreated,Beibaidai,,,,
HH20180734,S3,1/6/21,12305,7052,25151,Fangshan,FS37,39.57702966,115.7406003,103.3025818,Not Yet,Untreated,Untreated,Beibaidai,,,,
HH20180962,S3,1/6/21,12305,7052,25151,Fangshan,FS37,39.57702966,115.7406003,103.3025818,Not Yet,Untreated,Untreated,Beibaidai,,,,
HH20181168,S3,1/6/21,12305,7052,25151,Fangshan,FS37,39.57702966,115.7406003,103.3025818,Not Yet,Untreated,Untreated,Beibaidai,,,,
HH20181197,S3,1/6/21,12305,7052,25151,Fangshan,FS37,39.57702966,115.7406003,103.3025818,Not Yet,Untreated,Untreated,Beibaidai,,,,
HH20181199,S3,1/6/21,12305,7052,25151,Fangshan,FS37,39.57702966,115.7406003,103.3025818,Not Yet,Untreated,Untreated,Beibaidai,,,,
HH20180564,S3,1/6/21,12306,7052,25151,Fangshan,FS38,39.59097511,115.7543392,138.064209,Not Yet,Untreated,Untreated,Caijiakou,1807-18,46.66025,0.9988773,
HH20180414,S3,1/6/21,12306,7052,25151,Fangshan,FS38,39.59097511,115.7543392,138.064209,Not Yet,Untreated,Untreated,Caijiakou,1811-10,34.54974,0.9749421,
HH20180609,S3,1/6/21,12306,7052,25151,Fangshan,FS38,39.59097511,115.7543392,138.064209,Not Yet,Untreated,Untreated,Caijiakou,1910-056,105.1532,0.9989236,
HH20180611,S3,1/6/21,12306,7052,25151,Fangshan,FS38,39.59097511,115.7543392,138.064209,Not Yet,Untreated,Untreated,Caijiakou,1910-242,NA,NA,
HH20180679,S3,1/6/21,12306,7052,25151,Fangshan,FS38,39.59097511,115.7543392,138.064209,Not Yet,Untreated,Untreated,Caijiakou,1910-312,27.20496,0.1250694,
HH20180610,S3,1/6/21,12306,7052,25151,Fangshan,FS38,39.59097511,115.7543392,138.064209,Not Yet,Untreated,Untreated,Caijiakou,1910-359,98.93642,0.6735417,
HH20180408,S3,1/6/21,12306,7052,25151,Fangshan,FS38,39.59097511,115.7543392,138.064209,Not Yet,Untreated,Untreated,Caijiakou,,,,
HH20180436,S3,1/6/21,12306,7052,25151,Fangshan,FS38,39.59097511,115.7543392,138.064209,Not Yet,Untreated,Untreated,Caijiakou,,,,
HH20180562,S3,1/6/21,12306,7052,25151,Fangshan,FS38,39.59097511,115.7543392,138.064209,Not Yet,Untreated,Untreated,Caijiakou,,,,
HH20180612,S3,1/6/21,12306,7052,25151,Fangshan,FS38,39.59097511,115.7543392,138.064209,Not Yet,Untreated,Untreated,Caijiakou,,,,
HH20180676,S3,1/6/21,12306,7052,25151,Fangshan,FS38,39.59097511,115.7543392,138.064209,Not Yet,Untreated,Untreated,Caijiakou,,,,
HH20180680,S3,1/6/21,12306,7052,25151,Fangshan,FS38,39.59097511,115.7543392,138.064209,Not Yet,Untreated,Untreated,Caijiakou,,,,
HH20180458,S3,1/7/21,12315,7052,25151,Fangshan,FS33,39.57080039,115.7177676,97.4173584,Not Yet,Untreated,Untreated,Shigezhuang,1910-097,NA,NA,
HH20180669,S3,1/7/21,12315,7052,25151,Fangshan,FS33,39.57080039,115.7177676,97.4173584,Not Yet,Untreated,Untreated,Shigezhuang,1910-181,49.97483,0.9993866,
HH20180920,S3,1/7/21,12315,7052,25151,Fangshan,FS33,39.57080039,115.7177676,97.4173584,Not Yet,Untreated,Untreated,Shigezhuang,1910-186,74.37641,0.6144792,
HH20180457,S3,1/7/21,12315,7052,25151,Fangshan,FS33,39.57080039,115.7177676,97.4173584,Not Yet,Untreated,Untreated,Shigezhuang,1910-216,100.3045,0.9993634,
HH20181165,S3,1/7/21,12315,7052,25151,Fangshan,FS33,39.57080039,115.7177676,97.4173584,Not Yet,Untreated,Untreated,Shigezhuang,1910-298,44.63202,0.999375,
HH20180423,S3,1/7/21,12315,7052,25151,Fangshan,FS33,39.57080039,115.7177676,97.4173584,Not Yet,Untreated,Untreated,Shigezhuang,1910-315,203.1207,0.9993981,
HH20180424,S3,1/7/21,12315,7052,25151,Fangshan,FS33,39.57080039,115.7177676,97.4173584,Not Yet,Untreated,Untreated,Shigezhuang,,,,
HH20180456,S3,1/7/21,12315,7052,25151,Fangshan,FS33,39.57080039,115.7177676,97.4173584,Not Yet,Untreated,Untreated,Shigezhuang,,,,
HH20180670,S3,1/7/21,12315,7052,25151,Fangshan,FS33,39.57080039,115.7177676,97.4173584,Not Yet,Untreated,Untreated,Shigezhuang,,,,
HH20180922,S3,1/7/21,12315,7052,25151,Fangshan,FS33,39.57080039,115.7177676,97.4173584,Not Yet,Untreated,Untreated,Shigezhuang,,,,
HH20180923,S3,1/7/21,12315,7052,25151,Fangshan,FS33,39.57080039,115.7177676,97.4173584,Not Yet,Untreated,Untreated,Shigezhuang,,,,
HH20181163,S3,1/7/21,12315,7052,25151,Fangshan,FS33,39.57080039,115.7177676,97.4173584,Not Yet,Untreated,Untreated,Shigezhuang,,,,
HH20181155,S3,1/7/21,12309,7052,25151,Fangshan,FS31,39.61629657,115.6839857,155.7460938,Not Yet,Untreated,Untreated,Wagou,1910-101,NA,NA,
HH20180505,S3,1/7/21,12309,7052,25151,Fangshan,FS31,39.61629657,115.6839857,155.7460938,Not Yet,Untreated,Untreated,Wagou,1910-184,35.57319,0.999375,
HH20180462,S3,1/7/21,12309,7052,25151,Fangshan,FS31,39.61629657,115.6839857,155.7460938,Not Yet,Untreated,Untreated,Wagou,1910-185,44.56077,0.9994097,
HH20180463,S3,1/7/21,12309,7052,25151,Fangshan,FS31,39.61629657,115.6839857,155.7460938,Not Yet,Untreated,Untreated,Wagou,1910-284,29.1226,0.9993866,
HH20180501,S3,1/7/21,12309,7052,25151,Fangshan,FS31,39.61629657,115.6839857,155.7460938,Not Yet,Untreated,Untreated,Wagou,1910-302,57.96739,0.999375,
HH20181160,S3,1/7/21,12309,7052,25151,Fangshan,FS31,39.61629657,115.6839857,155.7460938,Not Yet,Untreated,Untreated,Wagou,1910-326,73.62976,0.4787731,
HH20180435,S3,1/7/21,12309,7052,25151,Fangshan,FS31,39.61629657,115.6839857,155.7460938,Not Yet,Untreated,Untreated,Wagou,,,,
HH20180502,S3,1/7/21,12309,7052,25151,Fangshan,FS31,39.61629657,115.6839857,155.7460938,Not Yet,Untreated,Untreated,Wagou,,,,
HH20180503,S3,1/7/21,12309,7052,25151,Fangshan,FS31,39.61629657,115.6839857,155.7460938,Not Yet,Untreated,Untreated,Wagou,,,,
HH20180504,S3,1/7/21,12309,7052,25151,Fangshan,FS31,39.61629657,115.6839857,155.7460938,Not Yet,Untreated,Untreated,Wagou,,,,
HH20181159,S3,1/7/21,12309,7052,25151,Fangshan,FS31,39.61629657,115.6839857,155.7460938,Not Yet,Untreated,Untreated,Wagou,,,,
HH20190133,S3,1/7/21,12309,7052,25151,Fangshan,FS31,39.61629657,115.6839857,155.7460938,Not Yet,Untreated,Untreated,Wagou,,,,
HH20180906,S3,12/4/20,12073,7130,24576,Huairou,HR25,40.75352081,116.7099898,349.2938843,Not Yet,Untreated,Untreated,Buying,1910-007,129.2212,0.6097222,
HH20180907,S3,12/4/20,12073,7130,24576,Huairou,HR25,40.75352081,116.7099898,349.2938843,Not Yet,Untreated,Untreated,Buying,1910-035,73.50619,0.999375,
HH20181185,S3,12/4/20,12073,7130,24576,Huairou,HR25,40.75352081,116.7099898,349.2938843,Not Yet,Untreated,Untreated,Buying,1910-047,62.69079,0.999375,
HH20180908,S3,12/4/20,12073,7130,24576,Huairou,HR25,40.75352081,116.7099898,349.2938843,Not Yet,Untreated,Untreated,Buying,1910-210,31.10571,0.83375,
HH20180990,S3,12/4/20,12073,7130,24576,Huairou,HR25,40.75352081,116.7099898,349.2938843,Not Yet,Untreated,Untreated,Buying,1910-236,50.3718,0.9947917,
HH20180649,S3,12/4/20,12073,7130,24576,Huairou,HR25,40.75352081,116.7099898,349.2938843,Not Yet,Untreated,Untreated,Buying,1910-297,35.27835,0.9883449,
HH20180650,S3,12/4/20,12073,7130,24576,Huairou,HR25,40.75352081,116.7099898,349.2938843,Not Yet,Untreated,Untreated,Buying,,,,
HH20180651,S3,12/4/20,12073,7130,24576,Huairou,HR25,40.75352081,116.7099898,349.2938843,Not Yet,Untreated,Untreated,Buying,,,,
HH20180969,S3,12/4/20,12073,7130,24576,Huairou,HR25,40.75352081,116.7099898,349.2938843,Not Yet,Untreated,Untreated,Buying,,,,
HH20180989,S3,12/4/20,12073,7130,24576,Huairou,HR25,40.75352081,116.7099898,349.2938843,Not Yet,Untreated,Untreated,Buying,,,,
HH20181186,S3,12/4/20,12073,7130,24576,Huairou,HR25,40.75352081,116.7099898,349.2938843,Not Yet,Untreated,Untreated,Buying,,,,
HH20190254,S3,12/4/20,12073,7130,24576,Huairou,HR25,40.75352081,116.7099898,349.2938843,Not Yet,Untreated,Untreated,Buying,,,,
HH20180496,S3,11/30/20,12074,7130,24576,Huairou,HR21,40.71371828,116.6372403,267.4335938,Not Yet,Untreated,Untreated,Dahuangtang,1910-036,38.43099,0.9993519,
HH20180497,S3,11/30/20,12074,7130,24576,Huairou,HR21,40.71371828,116.6372403,267.4335938,Not Yet,Untreated,Untreated,Dahuangtang,1910-040,17.80464,0.9993981,
HH20181147,S3,11/30/20,12074,7130,24576,Huairou,HR21,40.71371828,116.6372403,267.4335938,Not Yet,Untreated,Untreated,Dahuangtang,1910-043,197.9995,0.9994097,
HH20181137,S3,11/30/20,12074,7130,24576,Huairou,HR21,40.71371828,116.6372403,267.4335938,Not Yet,Untreated,Untreated,Dahuangtang,1910-057,16.08166,0.9990856,may be 1910-054
HH20181176,S3,11/30/20,12074,7130,24576,Huairou,HR21,40.71371828,116.6372403,267.4335938,Not Yet,Untreated,Untreated,Dahuangtang,1910-222,11.9483,0.08054398,
HH20181201,S3,11/30/20,12074,7130,24576,Huairou,HR21,40.71371828,116.6372403,267.4335938,Not Yet,Untreated,Untreated,Dahuangtang,1910-280,132.6929,0.9993403,
HH20180345,S3,11/30/20,12074,7130,24576,Huairou,HR21,40.71371828,116.6372403,267.4335938,Not Yet,Untreated,Untreated,Dahuangtang,,,,
HH20180346,S3,11/30/20,12074,7130,24576,Huairou,HR21,40.71371828,116.6372403,267.4335938,Not Yet,Untreated,Untreated,Dahuangtang,,,,
HH20180347,S3,11/30/20,12074,7130,24576,Huairou,HR21,40.71371828,116.6372403,267.4335938,Not Yet,Untreated,Untreated,Dahuangtang,,,,
HH20180498,S3,11/30/20,12074,7130,24576,Huairou,HR21,40.71371828,116.6372403,267.4335938,Not Yet,Untreated,Untreated,Dahuangtang,,,,
HH20180776,S3,11/30/20,12074,7130,24576,Huairou,HR21,40.71371828,116.6372403,267.4335938,Not Yet,Untreated,Untreated,Dahuangtang,,,,
HH20180980,S3,11/30/20,12074,7130,24576,Huairou,HR21,40.71371828,116.6372403,267.4335938,Not Yet,Untreated,Untreated,Dahuangtang,,,,
HH20180982,S3,11/30/20,12074,7130,24576,Huairou,HR21,40.71371828,116.6372403,267.4335938,Not Yet,Untreated,Untreated,Dahuangtang,,,,
HH20181142,S3,11/30/20,12074,7130,24576,Huairou,HR21,40.71371828,116.6372403,267.4335938,Not Yet,Untreated,Untreated,Dahuangtang,,,,
HH20181175,S3,11/30/20,12074,7130,24576,Huairou,HR21,40.71371828,116.6372403,267.4335938,Not Yet,Untreated,Untreated,Dahuangtang,,,,
HH20181177,S3,11/30/20,12074,7130,24576,Huairou,HR21,40.71371828,116.6372403,267.4335938,Not Yet,Untreated,Untreated,Dahuangtang,,,,
HH20181178,S3,11/30/20,12074,7130,24576,Huairou,HR21,40.71371828,116.6372403,267.4335938,Not Yet,Untreated,Untreated,Dahuangtang,,,,
HH20190194,S3,11/30/20,12074,7130,24576,Huairou,HR21,40.71371828,116.6372403,267.4335938,Not Yet,Untreated,Untreated,Dahuangtang,,,,
HH20190448,S3,11/30/20,12074,7130,24576,Huairou,HR21,40.71371828,116.6372403,267.4335938,Not Yet,Untreated,Untreated,Dahuangtang,,,,
HH20180375,S3,12/5/20,12061,7130,24576,Huairou,HR26,40.75593941,116.6091276,311.2768555,Not Yet,Untreated,Untreated,Dazhazi,1910-172,69.90102,0.3545718,
HH20180992,S3,12/5/20,12061,7130,24576,Huairou,HR26,40.75593941,116.6091276,311.2768555,Not Yet,Untreated,Untreated,Dazhazi,1910-217,19.92729,0.9864005,
HH20180640,S3,12/5/20,12061,7130,24576,Huairou,HR26,40.75593941,116.6091276,311.2768555,Not Yet,Untreated,Untreated,Dazhazi,1910-235,125.0314,0.155162,
HH20180743,S3,12/5/20,12061,7130,24576,Huairou,HR26,40.75593941,116.6091276,311.2768555,Not Yet,Untreated,Untreated,Dazhazi,1910-277,NA,NA,
HH20180599,S3,12/5/20,12061,7130,24576,Huairou,HR26,40.75593941,116.6091276,311.2768555,Not Yet,Untreated,Untreated,Dazhazi,1910-282,29.496,0.6861458,
HH20180376,S3,12/5/20,12061,7130,24576,Huairou,HR26,40.75593941,116.6091276,311.2768555,Not Yet,Untreated,Untreated,Dazhazi,1910-333,39.62157,0.9988426,
HH20180593,S3,12/5/20,12061,7130,24576,Huairou,HR26,40.75593941,116.6091276,311.2768555,Not Yet,Untreated,Untreated,Dazhazi,,,,
HH20180594,S3,12/5/20,12061,7130,24576,Huairou,HR26,40.75593941,116.6091276,311.2768555,Not Yet,Untreated,Untreated,Dazhazi,,,,
HH20180648,S3,12/5/20,12061,7130,24576,Huairou,HR26,40.75593941,116.6091276,311.2768555,Not Yet,Untreated,Untreated,Dazhazi,,,,
HH20180991,S3,12/5/20,12061,7130,24576,Huairou,HR26,40.75593941,116.6091276,311.2768555,Not Yet,Untreated,Untreated,Dazhazi,,,,
HH20190129,S3,12/5/20,12061,7130,24576,Huairou,HR26,40.75593941,116.6091276,311.2768555,Not Yet,Untreated,Untreated,Dazhazi,,,,
HH20190137,S3,12/5/20,12061,7130,24576,Huairou,HR26,40.75593941,116.6091276,311.2768555,Not Yet,Untreated,Untreated,Dazhazi,,,,
HH20190274,S3,12/5/20,12061,7130,24576,Huairou,HR26,40.75593941,116.6091276,311.2768555,Not Yet,Untreated,Untreated,Dazhazi,,,,
HH20190298,S3,12/5/20,12061,7130,24576,Huairou,HR26,40.75593941,116.6091276,311.2768555,Not Yet,Untreated,Untreated,Dazhazi,,,,
HH20190320,S3,12/5/20,12061,7130,24576,Huairou,HR26,40.75593941,116.6091276,311.2768555,Not Yet,Untreated,Untreated,Dazhazi,,,,
HH20190344,S3,12/5/20,12061,7130,24576,Huairou,HR26,40.75593941,116.6091276,311.2768555,Not Yet,Untreated,Untreated,Dazhazi,,,,
HH20190480,S3,12/5/20,12061,7130,24576,Huairou,HR26,40.75593941,116.6091276,311.2768555,Not Yet,Untreated,Untreated,Dazhazi,,,,
HH20180450,S3,12/2/20,12123,7133,24576,Huairou,HR17,40.54665051,116.5252876,645.4289551,Not Yet,Untreated,Untreated,Ertaizi,1910-069,NA,NA,
HH20180403,S3,12/2/20,12123,7133,24576,Huairou,HR17,40.54665051,116.5252876,645.4289551,Not Yet,Untreated,Untreated,Ertaizi,1910-204,70.51624,0.9958912,
HH20181059,S3,12/2/20,12123,7133,24576,Huairou,HR17,40.54665051,116.5252876,645.4289551,Not Yet,Untreated,Untreated,Ertaizi,1910-214,152.4665,0.999375,
HH20180483,S3,12/2/20,12123,7133,24576,Huairou,HR17,40.54665051,116.5252876,645.4289551,Not Yet,Untreated,Untreated,Ertaizi,1910-228,NA,NA,
HH20190114,S3,12/2/20,12123,7133,24576,Huairou,HR17,40.54665051,116.5252876,645.4289551,Not Yet,Untreated,Untreated,Ertaizi,1910-263,95.87023,0.9993519,
HH20180484,S3,12/2/20,12123,7133,24576,Huairou,HR17,40.54665051,116.5252876,645.4289551,Not Yet,Untreated,Untreated,Ertaizi,1910-358,26.44065,0.9993634,
HH20180482,S3,12/2/20,12123,7133,24576,Huairou,HR17,40.54665051,116.5252876,645.4289551,Not Yet,Untreated,Untreated,Ertaizi,,,,
HH20180744,S3,12/2/20,12123,7133,24576,Huairou,HR17,40.54665051,116.5252876,645.4289551,Not Yet,Untreated,Untreated,Ertaizi,,,,
HH20180970,S3,12/2/20,12123,7133,24576,Huairou,HR17,40.54665051,116.5252876,645.4289551,Not Yet,Untreated,Untreated,Ertaizi,,,,
HH20181110,S3,12/2/20,12123,7133,24576,Huairou,HR17,40.54665051,116.5252876,645.4289551,Not Yet,Untreated,Untreated,Ertaizi,,,,
HH20190138,S3,12/2/20,12123,7133,24576,Huairou,HR17,40.54665051,116.5252876,645.4289551,Not Yet,Untreated,Untreated,Ertaizi,,,,
HH20180406,S3,12/7/20,12071,7130,24576,Huairou,HR22,40.75986054,116.662016,299.3796692,Not Yet,Untreated,Untreated,Gushigoumen,1910-127,53.88739,0.9993403,
HH20180799,S3,12/7/20,12071,7130,24576,Huairou,HR22,40.75986054,116.662016,299.3796692,Not Yet,Untreated,Untreated,Gushigoumen,1910-201,63.38854,0.9989815,
HH20180405,S3,12/7/20,12071,7130,24576,Huairou,HR22,40.75986054,116.662016,299.3796692,Not Yet,Untreated,Untreated,Gushigoumen,1910-262,162.1247,0.7354861,
HH20181116,S3,12/7/20,12071,7130,24576,Huairou,HR22,40.75986054,116.662016,299.3796692,Not Yet,Untreated,Untreated,Gushigoumen,1910-265,207.6852,0.9946875,
HH20180481,S3,12/7/20,12071,7130,24576,Huairou,HR22,40.75986054,116.662016,299.3796692,Not Yet,Untreated,Untreated,Gushigoumen,1910-316,25.32361,0.9988079,
HH20180404,S3,12/7/20,12071,7130,24576,Huairou,HR22,40.75986054,116.662016,299.3796692,Not Yet,Untreated,Untreated,Gushigoumen,1910-317,55.62969,0.9992245,
HH20180447,S3,12/7/20,12071,7130,24576,Huairou,HR22,40.75986054,116.662016,299.3796692,Not Yet,Untreated,Untreated,Gushigoumen,,,,
HH20180448,S3,12/7/20,12071,7130,24576,Huairou,HR22,40.75986054,116.662016,299.3796692,Not Yet,Untreated,Untreated,Gushigoumen,,,,
HH20180479,S3,12/7/20,12071,7130,24576,Huairou,HR22,40.75986054,116.662016,299.3796692,Not Yet,Untreated,Untreated,Gushigoumen,,,,
HH20180900,S3,12/7/20,12071,7130,24576,Huairou,HR22,40.75986054,116.662016,299.3796692,Not Yet,Untreated,Untreated,Gushigoumen,,,,
HH20180902,S3,12/7/20,12071,7130,24576,Huairou,HR22,40.75986054,116.662016,299.3796692,Not Yet,Untreated,Untreated,Gushigoumen,,,,
HH20180903,S3,12/7/20,12071,7130,24576,Huairou,HR22,40.75986054,116.662016,299.3796692,Not Yet,Untreated,Untreated,Gushigoumen,,,,
HH20180905,S3,12/7/20,12071,7130,24576,Huairou,HR22,40.75986054,116.662016,299.3796692,Not Yet,Untreated,Untreated,Gushigoumen,,,,
HH20181144,S3,12/7/20,12071,7130,24576,Huairou,HR22,40.75986054,116.662016,299.3796692,Not Yet,Untreated,Untreated,Gushigoumen,,,,
HH20190201,S3,12/7/20,12071,7130,24576,Huairou,HR22,40.75986054,116.662016,299.3796692,Not Yet,Untreated,Untreated,Gushigoumen,,,,
HH20190226,S3,12/7/20,12071,7130,24576,Huairou,HR22,40.75986054,116.662016,299.3796692,Not Yet,Untreated,Untreated,Gushigoumen,,,,
HH20190234,S3,12/7/20,12071,7130,24576,Huairou,HR22,40.75986054,116.662016,299.3796692,Not Yet,Untreated,Untreated,Gushigoumen,,,,
HH20190282,S3,12/7/20,12071,7130,24576,Huairou,HR22,40.75986054,116.662016,299.3796692,Not Yet,Untreated,Untreated,Gushigoumen,,,,
HH20190290,S3,12/7/20,12071,7130,24576,Huairou,HR22,40.75986054,116.662016,299.3796692,Not Yet,Untreated,Untreated,Gushigoumen,,,,
HH20190496,S3,12/7/20,12071,7130,24576,Huairou,HR22,40.75986054,116.662016,299.3796692,Not Yet,Untreated,Untreated,Gushigoumen,,,,
HH20180332,S3,12/6/20,12068,7130,24576,Huairou,HR27,40.74600525,116.6514608,292.0819702,Not Yet,Untreated,Untreated,Hedong,1811-31,28.834,0.9993056,
HH20180373,S3,12/6/20,12068,7130,24576,Huairou,HR27,40.74600525,116.6514608,292.0819702,Not Yet,Untreated,Untreated,Hedong,1910-149,89.78409,0.9993866,
HH20180333,S3,12/6/20,12068,7130,24576,Huairou,HR27,40.74600525,116.6514608,292.0819702,Not Yet,Untreated,Untreated,Hedong,1910-189,181.1666,0.9993866,
HH20180472,S3,12/6/20,12068,7130,24576,Huairou,HR27,40.74600525,116.6514608,292.0819702,Not Yet,Untreated,Untreated,Hedong,1910-244,NA,NA,
HH20180471,S3,12/6/20,12068,7130,24576,Huairou,HR27,40.74600525,116.6514608,292.0819702,Not Yet,Untreated,Untreated,Hedong,1910-281,NA,NA,
HH20180371,S3,12/6/20,12068,7130,24576,Huairou,HR27,40.74600525,116.6514608,292.0819702,Not Yet,Untreated,Untreated,Hedong,1910-352,NA,NA,
HH20180374,S3,12/6/20,12068,7130,24576,Huairou,HR27,40.74600525,116.6514608,292.0819702,Not Yet,Untreated,Untreated,Hedong,,,,
HH20180469,S3,12/6/20,12068,7130,24576,Huairou,HR27,40.74600525,116.6514608,292.0819702,Not Yet,Untreated,Untreated,Hedong,,,,
HH20180597,S3,12/6/20,12068,7130,24576,Huairou,HR27,40.74600525,116.6514608,292.0819702,Not Yet,Untreated,Untreated,Hedong,,,,
HH20180995,S3,12/6/20,12068,7130,24576,Huairou,HR27,40.74600525,116.6514608,292.0819702,Not Yet,Untreated,Untreated,Hedong,,,,
HH20180996,S3,12/6/20,12068,7130,24576,Huairou,HR27,40.74600525,116.6514608,292.0819702,Not Yet,Untreated,Untreated,Hedong,,,,
HH20190145,S3,12/6/20,12068,7130,24576,Huairou,HR27,40.74600525,116.6514608,292.0819702,Not Yet,Untreated,Untreated,Hedong,,,,
HH20190153,S3,12/6/20,12068,7130,24576,Huairou,HR27,40.74600525,116.6514608,292.0819702,Not Yet,Untreated,Untreated,Hedong,,,,
HH20190161,S3,12/6/20,12068,7130,24576,Huairou,HR27,40.74600525,116.6514608,292.0819702,Not Yet,Untreated,Untreated,Hedong,,,,
HH20190256,S3,12/6/20,12068,7130,24576,Huairou,HR27,40.74600525,116.6514608,292.0819702,Not Yet,Untreated,Untreated,Hedong,,,,
HH20190429,S3,12/6/20,12068,7130,24576,Huairou,HR27,40.74600525,116.6514608,292.0819702,Not Yet,Untreated,Untreated,Hedong,,,,
HH20190464,S3,12/6/20,12068,7130,24576,Huairou,HR27,40.74600525,116.6514608,292.0819702,Not Yet,Untreated,Untreated,Hedong,,,,
HH20190472,S3,12/6/20,12068,7130,24576,Huairou,HR27,40.74600525,116.6514608,292.0819702,Not Yet,Untreated,Untreated,Hedong,,,,
HH20181053,S3,11/16/20,12108,7133,24576,Huairou,HR13,40.62811814,116.6394721,288.2276611,2020,Treated,Treated in S4,Laogongying,1811-52,35.16586,0.5899537,
HH20180310,S3,11/16/20,12108,7133,24576,Huairou,HR13,40.62811814,116.6394721,288.2276611,2020,Treated,Treated in S4,Laogongying,1811-99,122.2234,0.9731713,
HH20181025,S3,11/16/20,12108,7133,24576,Huairou,HR13,40.62811814,116.6394721,288.2276611,2020,Treated,Treated in S4,Laogongying,1910-006,43.28428,0.9055208,
HH20181102,S3,11/16/20,12108,7133,24576,Huairou,HR13,40.62811814,116.6394721,288.2276611,2020,Treated,Treated in S4,Laogongying,1910-028,33.43068,0.999213,
HH20180722,S3,11/16/20,12108,7133,24576,Huairou,HR13,40.62811814,116.6394721,288.2276611,2020,Treated,Treated in S4,Laogongying,1910-207,34.64286,5.79E-05,
HH20181026,S3,11/16/20,12108,7133,24576,Huairou,HR13,40.62811814,116.6394721,288.2276611,2020,Treated,Treated in S4,Laogongying,1910-273,51.69453,0.9993171,
HH20180309,S3,11/16/20,12108,7133,24576,Huairou,HR13,40.62811814,116.6394721,288.2276611,2020,Treated,Treated in S4,Laogongying,,,,
HH20180311,S3,11/16/20,12108,7133,24576,Huairou,HR13,40.62811814,116.6394721,288.2276611,2020,Treated,Treated in S4,Laogongying,,,,
HH20180724,S3,11/16/20,12108,7133,24576,Huairou,HR13,40.62811814,116.6394721,288.2276611,2020,Treated,Treated in S4,Laogongying,,,,
HH20181024,S3,11/16/20,12108,7133,24576,Huairou,HR13,40.62811814,116.6394721,288.2276611,2020,Treated,Treated in S4,Laogongying,,,,
HH20181100,S3,11/16/20,12108,7133,24576,Huairou,HR13,40.62811814,116.6394721,288.2276611,2020,Treated,Treated in S4,Laogongying,,,,
HH20181101,S3,11/16/20,12108,7133,24576,Huairou,HR13,40.62811814,116.6394721,288.2276611,2020,Treated,Treated in S4,Laogongying,,,,
HH20181140,S3,12/6/20,12070,7130,24576,Huairou,HR23,40.75376286,116.6396521,314.239502,Not Yet,Untreated,Untreated,Lianshigou,1811-25,26.79082,0.9992708,
HH20180344,S3,12/6/20,12070,7130,24576,Huairou,HR23,40.75376286,116.6396521,314.239502,Not Yet,Untreated,Untreated,Lianshigou,1910-048,NA,NA,
HH20180643,S3,12/6/20,12070,7130,24576,Huairou,HR23,40.75376286,116.6396521,314.239502,Not Yet,Untreated,Untreated,Lianshigou,1910-224,182.2409,0.9987384,
HH20180645,S3,12/6/20,12070,7130,24576,Huairou,HR23,40.75376286,116.6396521,314.239502,Not Yet,Untreated,Untreated,Lianshigou,1910-241,73.18431,0.8767361,
HH20181139,S3,12/6/20,12070,7130,24576,Huairou,HR23,40.75376286,116.6396521,314.239502,Not Yet,Untreated,Untreated,Lianshigou,1910-295,45.96978,0.9993866,
HH20180644,S3,12/6/20,12070,7130,24576,Huairou,HR23,40.75376286,116.6396521,314.239502,Not Yet,Untreated,Untreated,Lianshigou,1910-339,116.9919,0.9722801,
HH20180340,S3,12/6/20,12070,7130,24576,Huairou,HR23,40.75376286,116.6396521,314.239502,Not Yet,Untreated,Untreated,Lianshigou,,,,
HH20180342,S3,12/6/20,12070,7130,24576,Huairou,HR23,40.75376286,116.6396521,314.239502,Not Yet,Untreated,Untreated,Lianshigou,,,,
HH20180983,S3,12/6/20,12070,7130,24576,Huairou,HR23,40.75376286,116.6396521,314.239502,Not Yet,Untreated,Untreated,Lianshigou,,,,
HH20181179,S3,12/6/20,12070,7130,24576,Huairou,HR23,40.75376286,116.6396521,314.239502,Not Yet,Untreated,Untreated,Lianshigou,,,,
HH20181182,S3,12/6/20,12070,7130,24576,Huairou,HR23,40.75376286,116.6396521,314.239502,Not Yet,Untreated,Untreated,Lianshigou,,,,
HH20181183,S3,12/6/20,12070,7130,24576,Huairou,HR23,40.75376286,116.6396521,314.239502,Not Yet,Untreated,Untreated,Lianshigou,,,,
HH20180730,S3,11/17/20,12105,7133,24576,Huairou,HR15,40.62827927,116.6461269,279.0637207,2019,Treated,Treated in S2,Liulimiao,1811-43,20.29222,0.9912037,
HH20180788,S3,11/17/20,12105,7133,24576,Huairou,HR15,40.62827927,116.6461269,279.0637207,2019,Treated,Treated in S2,Liulimiao,1910-002,152.1734,0.9983333,
HH20180789,S3,11/17/20,12105,7133,24576,Huairou,HR15,40.62827927,116.6461269,279.0637207,2019,Treated,Treated in S2,Liulimiao,1910-012,16.98271,0.9991551,
HH20180782,S3,11/17/20,12105,7133,24576,Huairou,HR15,40.62827927,116.6461269,279.0637207,2019,Treated,Treated in S2,Liulimiao,1910-105,152.0368,0.9992014,
HH20181152,S3,11/17/20,12105,7133,24576,Huairou,HR15,40.62827927,116.6461269,279.0637207,2019,Treated,Treated in S2,Liulimiao,1910-162,15.74585,0.9992014,
HH20181033,S3,11/17/20,12105,7133,24576,Huairou,HR15,40.62827927,116.6461269,279.0637207,2019,Treated,Treated in S2,Liulimiao,1910-340,77.19656,0.999375,
HH20180121,S3,11/17/20,12105,7133,24576,Huairou,HR15,40.62827927,116.6461269,279.0637207,2019,Treated,Treated in S2,Liulimiao,,,,
HH20180152,S3,11/17/20,12105,7133,24576,Huairou,HR15,40.62827927,116.6461269,279.0637207,2019,Treated,Treated in S2,Liulimiao,,,,
HH20180780,S3,11/17/20,12105,7133,24576,Huairou,HR15,40.62827927,116.6461269,279.0637207,2019,Treated,Treated in S2,Liulimiao,,,,
HH20180781,S3,11/17/20,12105,7133,24576,Huairou,HR15,40.62827927,116.6461269,279.0637207,2019,Treated,Treated in S2,Liulimiao,,,,
HH20180790,S3,11/17/20,12105,7133,24576,Huairou,HR15,40.62827927,116.6461269,279.0637207,2019,Treated,Treated in S2,Liulimiao,,,,
HH20181034,S3,11/17/20,12105,7133,24576,Huairou,HR15,40.62827927,116.6461269,279.0637207,2019,Treated,Treated in S2,Liulimiao,,,,
HH20181151,S3,11/17/20,12105,7133,24576,Huairou,HR15,40.62827927,116.6461269,279.0637207,2019,Treated,Treated in S2,Liulimiao,,,,
HH20180713,S3,12/2/20,12103,7133,24576,Huairou,HR11,40.59156344,116.6549818,355.6763916,2020,Treated,Treated in S4,Longquanyu,1811-45,237.4073,0.3270602,
HH20180778,S3,12/2/20,12103,7133,24576,Huairou,HR11,40.59156344,116.6549818,355.6763916,2020,Treated,Treated in S4,Longquanyu,1910-020,25.65117,0.9886806,
HH20181019,S3,12/2/20,12103,7133,24576,Huairou,HR11,40.59156344,116.6549818,355.6763916,2020,Treated,Treated in S4,Longquanyu,1910-029,56.92462,0.5474769,
HH20180317,S3,12/2/20,12103,7133,24576,Huairou,HR11,40.59156344,116.6549818,355.6763916,2020,Treated,Treated in S4,Longquanyu,1910-062,20.70873,0.9325579,
HH20181016,S3,12/2/20,12103,7133,24576,Huairou,HR11,40.59156344,116.6549818,355.6763916,2020,Treated,Treated in S4,Longquanyu,1910-068,90.07291,0.8691667,
HH20180783,S3,12/2/20,12103,7133,24576,Huairou,HR11,40.59156344,116.6549818,355.6763916,2020,Treated,Treated in S4,Longquanyu,1910-143,32.73139,0.9993056,
HH20180170,S3,12/2/20,12103,7133,24576,Huairou,HR11,40.59156344,116.6549818,355.6763916,2020,Treated,Treated in S4,Longquanyu,,,,
HH20180316,S3,12/2/20,12103,7133,24576,Huairou,HR11,40.59156344,116.6549818,355.6763916,2020,Treated,Treated in S4,Longquanyu,,,,
HH20180319,S3,12/2/20,12103,7133,24576,Huairou,HR11,40.59156344,116.6549818,355.6763916,2020,Treated,Treated in S4,Longquanyu,,,,
HH20180320,S3,12/2/20,12103,7133,24576,Huairou,HR11,40.59156344,116.6549818,355.6763916,2020,Treated,Treated in S4,Longquanyu,,,,
HH20180714,S3,12/2/20,12103,7133,24576,Huairou,HR11,40.59156344,116.6549818,355.6763916,2020,Treated,Treated in S4,Longquanyu,,,,
HH20180746,S3,12/2/20,12103,7133,24576,Huairou,HR11,40.59156344,116.6549818,355.6763916,2020,Treated,Treated in S4,Longquanyu,,,,
HH20180775,S3,12/2/20,12103,7133,24576,Huairou,HR11,40.59156344,116.6549818,355.6763916,2020,Treated,Treated in S4,Longquanyu,,,,
HH20181018,S3,12/2/20,12103,7133,24576,Huairou,HR11,40.59156344,116.6549818,355.6763916,2020,Treated,Treated in S4,Longquanyu,,,,
HH20181049,S3,12/2/20,12103,7133,24576,Huairou,HR11,40.59156344,116.6549818,355.6763916,2020,Treated,Treated in S4,Longquanyu,,,,
HH20181088,S3,12/2/20,12103,7133,24576,Huairou,HR11,40.59156344,116.6549818,355.6763916,2020,Treated,Treated in S4,Longquanyu,,,,
HH20181089,S3,12/2/20,12103,7133,24576,Huairou,HR11,40.59156344,116.6549818,355.6763916,2020,Treated,Treated in S4,Longquanyu,,,,
HH20181090,S3,12/2/20,12103,7133,24576,Huairou,HR11,40.59156344,116.6549818,355.6763916,2020,Treated,Treated in S4,Longquanyu,,,,
HH20190437,S3,12/2/20,12103,7133,24576,Huairou,HR11,40.59156344,116.6549818,355.6763916,2020,Treated,Treated in S4,Longquanyu,,,,
HH20190469,S3,12/2/20,12103,7133,24576,Huairou,HR11,40.59156344,116.6549818,355.6763916,2020,Treated,Treated in S4,Longquanyu,,,,
HH20180717,S3,11/19/20,121071,7133,24576,Huairou,HR12,40.62434762,116.604898,327.5653687,2020,Treated,Treated in S4,Nianziwan1,1910-022,211.2902,0.1992361,
HH20180160,S3,11/19/20,121071,7133,24576,Huairou,HR12,40.62434762,116.604898,327.5653687,2020,Treated,Treated in S4,Nianziwan1,1910-044,32.81512,0.9993634,
HH20180777,S3,11/19/20,121071,7133,24576,Huairou,HR12,40.62434762,116.604898,327.5653687,2020,Treated,Treated in S4,Nianziwan1,1910-124,NA,NA,
HH20181021,S3,11/19/20,121071,7133,24576,Huairou,HR12,40.62434762,116.604898,327.5653687,2020,Treated,Treated in S4,Nianziwan1,1910-255,80.78644,0.9993519,
HH20181022,S3,11/19/20,121071,7133,24576,Huairou,HR12,40.62434762,116.604898,327.5653687,2020,Treated,Treated in S4,Nianziwan1,1910-299,44.49838,0.9993403,
HH20180784,S3,11/19/20,121071,7133,24576,Huairou,HR12,40.62434762,116.604898,327.5653687,2020,Treated,Treated in S4,Nianziwan1,1910-337,78.36452,0.9986806,
HH20180226,S3,11/19/20,121071,7133,24576,Huairou,HR12,40.62434762,116.604898,327.5653687,2020,Treated,Treated in S4,Nianziwan1,,,,
HH20180286,S3,11/19/20,121071,7133,24576,Huairou,HR12,40.62434762,116.604898,327.5653687,2020,Treated,Treated in S4,Nianziwan1,,,,
HH20180312,S3,11/19/20,121071,7133,24576,Huairou,HR12,40.62434762,116.604898,327.5653687,2020,Treated,Treated in S4,Nianziwan1,,,,
HH20180785,S3,11/19/20,121071,7133,24576,Huairou,HR12,40.62434762,116.604898,327.5653687,2020,Treated,Treated in S4,Nianziwan1,,,,
HH20181023,S3,11/19/20,121071,7133,24576,Huairou,HR12,40.62434762,116.604898,327.5653687,2020,Treated,Treated in S4,Nianziwan1,,,,
HH20181057,S3,11/19/20,121071,7133,24576,Huairou,HR12,40.62434762,116.604898,327.5653687,2020,Treated,Treated in S4,Nianziwan1,,,,
HH20180307,S3,11/20/20,121072,7133,24576,Huairou,HR14,40.63242977,116.6078841,313.6132813,2020,Treated,Treated in S4,Nianziwan2,1811-18,309.8734,0.9993171,
HH20180726,S3,11/20/20,121072,7133,24576,Huairou,HR14,40.63242977,116.6078841,313.6132813,2020,Treated,Treated in S4,Nianziwan2,1811-34,28.07389,0.6738426,
HH20181104,S3,11/20/20,121072,7133,24576,Huairou,HR14,40.63242977,116.6078841,313.6132813,2020,Treated,Treated in S4,Nianziwan2,1910-024,40.8344,0.3032292,
HH20180728,S3,11/20/20,121072,7133,24576,Huairou,HR14,40.63242977,116.6078841,313.6132813,2020,Treated,Treated in S4,Nianziwan2,1910-160,98.08322,0.9993981,
HH20181027,S3,11/20/20,121072,7133,24576,Huairou,HR14,40.63242977,116.6078841,313.6132813,2020,Treated,Treated in S4,Nianziwan2,1910-293,46.12162,0.9993981,
HH20181031,S3,11/20/20,121072,7133,24576,Huairou,HR14,40.63242977,116.6078841,313.6132813,2020,Treated,Treated in S4,Nianziwan2,1910-351,92.05901,0.9993171,
HH20180303,S3,11/20/20,121072,7133,24576,Huairou,HR14,40.63242977,116.6078841,313.6132813,2020,Treated,Treated in S4,Nianziwan2,,,,
HH20180306,S3,11/20/20,121072,7133,24576,Huairou,HR14,40.63242977,116.6078841,313.6132813,2020,Treated,Treated in S4,Nianziwan2,,,,
HH20180727,S3,11/20/20,121072,7133,24576,Huairou,HR14,40.63242977,116.6078841,313.6132813,2020,Treated,Treated in S4,Nianziwan2,,,,
HH20181030,S3,11/20/20,121072,7133,24576,Huairou,HR14,40.63242977,116.6078841,313.6132813,2020,Treated,Treated in S4,Nianziwan2,,,,
HH20181032,S3,11/20/20,121072,7133,24576,Huairou,HR14,40.63242977,116.6078841,313.6132813,2020,Treated,Treated in S4,Nianziwan2,,,,
HH20181069,S3,11/29/20,12111,7133,24576,Huairou,HR16,40.65223521,116.6601344,257.8946533,2019,Treated,Treated in S2,Qiananling,1807-19,26.13529,0.9992014,
HH20181060,S3,11/29/20,12111,7133,24576,Huairou,HR16,40.65223521,116.6601344,257.8946533,2019,Treated,Treated in S2,Qiananling,1910-042,31.43773,0.7858102,
HH20180794,S3,11/29/20,12111,7133,24576,Huairou,HR16,40.65223521,116.6601344,257.8946533,2019,Treated,Treated in S2,Qiananling,1910-090,90.10427,0.9869676,
HH20180792,S3,11/29/20,12111,7133,24576,Huairou,HR16,40.65223521,116.6601344,257.8946533,2019,Treated,Treated in S2,Qiananling,1910-179,95.46822,0.9868171,
HH20180354,S3,11/29/20,12111,7133,24576,Huairou,HR16,40.65223521,116.6601344,257.8946533,2019,Treated,Treated in S2,Qiananling,1910-195,18.85699,0.2165509,
HH20181061,S3,11/29/20,12111,7133,24576,Huairou,HR16,40.65223521,116.6601344,257.8946533,2019,Treated,Treated in S2,Qiananling,1910-258,205.5015,0.999375,
HH20180745,S3,11/29/20,12111,7133,24576,Huairou,HR16,40.65223521,116.6601344,257.8946533,2019,Treated,Treated in S2,Qiananling,,,,
HH20181037,S3,11/29/20,12111,7133,24576,Huairou,HR16,40.65223521,116.6601344,257.8946533,2019,Treated,Treated in S2,Qiananling,,,,
HH20181038,S3,11/29/20,12111,7133,24576,Huairou,HR16,40.65223521,116.6601344,257.8946533,2019,Treated,Treated in S2,Qiananling,,,,
HH20181039,S3,11/29/20,12111,7133,24576,Huairou,HR16,40.65223521,116.6601344,257.8946533,2019,Treated,Treated in S2,Qiananling,,,,
HH20181040,S3,11/29/20,12111,7133,24576,Huairou,HR16,40.65223521,116.6601344,257.8946533,2019,Treated,Treated in S2,Qiananling,,,,
HH20181067,S3,11/29/20,12111,7133,24576,Huairou,HR16,40.65223521,116.6601344,257.8946533,2019,Treated,Treated in S2,Qiananling,,,,
HH20180486,S3,12/3/20,12067,7130,24576,Huairou,HR19,40.73835194,116.6383046,288.0585938,Not Yet,Untreated,Untreated,Tanghekou,1811-47,NA,NA,
HH20180976,S3,12/3/20,12067,7130,24576,Huairou,HR19,40.73835194,116.6383046,288.0585938,Not Yet,Untreated,Untreated,Tanghekou,1910-011,47.87161,0.999375,
HH20180769,S3,12/3/20,12067,7130,24576,Huairou,HR19,40.73835194,116.6383046,288.0585938,Not Yet,Untreated,Untreated,Tanghekou,1910-023,71.77869,0.8257986,
HH20180975,S3,12/3/20,12067,7130,24576,Huairou,HR19,40.73835194,116.6383046,288.0585938,Not Yet,Untreated,Untreated,Tanghekou,1910-096,55.02856,0.9987616,
HH20181045,S3,12/3/20,12067,7130,24576,Huairou,HR19,40.73835194,116.6383046,288.0585938,Not Yet,Untreated,Untreated,Tanghekou,1910-218,NA,NA,
HH20181048,S3,12/3/20,12067,7130,24576,Huairou,HR19,40.73835194,116.6383046,288.0585938,Not Yet,Untreated,Untreated,Tanghekou,1910-250,22.78979,0.9993287,
HH20180349,S3,12/3/20,12067,7130,24576,Huairou,HR19,40.73835194,116.6383046,288.0585938,Not Yet,Untreated,Untreated,Tanghekou,,,,
HH20180349,S3,12/3/20,12067,7130,24576,Huairou,HR19,40.73835194,116.6383046,288.0585938,Not Yet,Untreated,Untreated,Tanghekou,,,,
HH20180350,S3,12/3/20,12067,7130,24576,Huairou,HR19,40.73835194,116.6383046,288.0585938,Not Yet,Untreated,Untreated,Tanghekou,,,,
HH20180488,S3,12/3/20,12067,7130,24576,Huairou,HR19,40.73835194,116.6383046,288.0585938,Not Yet,Untreated,Untreated,Tanghekou,,,,
HH20180770,S3,12/3/20,12067,7130,24576,Huairou,HR19,40.73835194,116.6383046,288.0585938,Not Yet,Untreated,Untreated,Tanghekou,,,,
HH20181046,S3,12/3/20,12067,7130,24576,Huairou,HR19,40.73835194,116.6383046,288.0585938,Not Yet,Untreated,Untreated,Tanghekou,,,,
HH20181112,S3,12/3/20,12067,7130,24576,Huairou,HR19,40.73835194,116.6383046,288.0585938,Not Yet,Untreated,Untreated,Tanghekou,,,,
HH20181115,S3,12/3/20,12067,7130,24576,Huairou,HR19,40.73835194,116.6383046,288.0585938,Not Yet,Untreated,Untreated,Tanghekou,,,,
HH20180476,S3,12/3/20,12064,7130,24576,Huairou,HR24,40.72507286,116.6037399,283.2363281,2019,Treated,Treated in S2,Ximaowan,1910-113,77.74139,0.9993634,
HH20181120,S3,12/3/20,12064,7130,24576,Huairou,HR24,40.72507286,116.6037399,283.2363281,2019,Treated,Treated in S2,Ximaowan,1910-148,NA,NA,
HH20180446,S3,12/3/20,12064,7130,24576,Huairou,HR24,40.72507286,116.6037399,283.2363281,2019,Treated,Treated in S2,Ximaowan,1910-178,74.07124,0.9992824,
HH20180339,S3,12/3/20,12064,7130,24576,Huairou,HR24,40.72507286,116.6037399,283.2363281,2019,Treated,Treated in S2,Ximaowan,1910-251,21.4614,0.9970139,
HH20180334,S3,12/3/20,12064,7130,24576,Huairou,HR24,40.72507286,116.6037399,283.2363281,2019,Treated,Treated in S2,Ximaowan,1910-261,265.2336,0.2254167,
HH20180477,S3,12/3/20,12064,7130,24576,Huairou,HR24,40.72507286,116.6037399,283.2363281,2019,Treated,Treated in S2,Ximaowan,1910-283,6.386587,0.8783218,
HH20180337,S3,12/3/20,12064,7130,24576,Huairou,HR24,40.72507286,116.6037399,283.2363281,2019,Treated,Treated in S2,Ximaowan,,,,
HH20180443,S3,12/3/20,12064,7130,24576,Huairou,HR24,40.72507286,116.6037399,283.2363281,2019,Treated,Treated in S2,Ximaowan,,,,
HH20180445,S3,12/3/20,12064,7130,24576,Huairou,HR24,40.72507286,116.6037399,283.2363281,2019,Treated,Treated in S2,Ximaowan,,,,
HH20180475,S3,12/3/20,12064,7130,24576,Huairou,HR24,40.72507286,116.6037399,283.2363281,2019,Treated,Treated in S2,Ximaowan,,,,
HH20181118,S3,12/3/20,12064,7130,24576,Huairou,HR24,40.72507286,116.6037399,283.2363281,2019,Treated,Treated in S2,Ximaowan,,,,
HH20181121,S3,12/3/20,12064,7130,24576,Huairou,HR24,40.72507286,116.6037399,283.2363281,2019,Treated,Treated in S2,Ximaowan,,,,
HH20180712,S3,11/23/20,12110,7133,24576,Huairou,HR10,40.64328538,116.6330615,288.9337463,2019,Treated,Treated in S2,Xiwanzi,1811-09,NA,NA,
HH20180758,S3,11/23/20,12110,7133,24576,Huairou,HR10,40.64328538,116.6330615,288.9337463,2019,Treated,Treated in S2,Xiwanzi,1910-083,114.4526,0.8861111,
HH20180355,S3,11/23/20,12110,7133,24576,Huairou,HR10,40.64328538,116.6330615,288.9337463,2019,Treated,Treated in S2,Xiwanzi,1910-100,NA,NA,
HH20180296,S3,11/23/20,12110,7133,24576,Huairou,HR10,40.64328538,116.6330615,288.9337463,2019,Treated,Treated in S2,Xiwanzi,1910-114,31.25401,0.9870255,
HH20181012,S3,11/23/20,12110,7133,24576,Huairou,HR10,40.64328538,116.6330615,288.9337463,2019,Treated,Treated in S2,Xiwanzi,1910-121,14.32832,0.2248495,
HH20181015,S3,11/23/20,12110,7133,24576,Huairou,HR10,40.64328538,116.6330615,288.9337463,2019,Treated,Treated in S2,Xiwanzi,1910-304,34.75348,0.9993634,
HH20180748,S3,11/23/20,12110,7133,24576,Huairou,HR10,40.64328538,116.6330615,288.9337463,2019,Treated,Treated in S2,Xiwanzi,,,,
HH20180759,S3,11/23/20,12110,7133,24576,Huairou,HR10,40.64328538,116.6330615,288.9337463,2019,Treated,Treated in S2,Xiwanzi,,,,
HH20180760,S3,11/23/20,12110,7133,24576,Huairou,HR10,40.64328538,116.6330615,288.9337463,2019,Treated,Treated in S2,Xiwanzi,,,,
HH20181014,S3,11/23/20,12110,7133,24576,Huairou,HR10,40.64328538,116.6330615,288.9337463,2019,Treated,Treated in S2,Xiwanzi,,,,
HH20181086,S3,11/23/20,12110,7133,24576,Huairou,HR10,40.64328538,116.6330615,288.9337463,2019,Treated,Treated in S2,Xiwanzi,,,,
HH20181087,S3,11/23/20,12110,7133,24576,Huairou,HR10,40.64328538,116.6330615,288.9337463,2019,Treated,Treated in S2,Xiwanzi,,,,
HH20181042,S3,12/2/20,12124,7133,24576,Huairou,HR18,40.53992599,116.5150808,664.6279297,Not Yet,Untreated,Untreated,Yangshuxia,1811-03,28.60072,0.9992593,
HH20180971,S3,12/2/20,12124,7133,24576,Huairou,HR18,40.53992599,116.5150808,664.6279297,Not Yet,Untreated,Untreated,Yangshuxia,1811-30,109.1182,0.9993056,
HH20180973,S3,12/2/20,12124,7133,24576,Huairou,HR18,40.53992599,116.5150808,664.6279297,Not Yet,Untreated,Untreated,Yangshuxia,1811-37,90.59882,0.996956,
HH20181043,S3,12/2/20,12124,7133,24576,Huairou,HR18,40.53992599,116.5150808,664.6279297,Not Yet,Untreated,Untreated,Yangshuxia,1910-025,21.92367,0.9993981,
HH20181062,S3,12/2/20,12124,7133,24576,Huairou,HR18,40.53992599,116.5150808,664.6279297,Not Yet,Untreated,Untreated,Yangshuxia,1910-026,151.3844,0.5202778,
HH20180764,S3,12/2/20,12124,7133,24576,Huairou,HR18,40.53992599,116.5150808,664.6279297,Not Yet,Untreated,Untreated,Yangshuxia,1910-215,NA,NA,
HH20180765,S3,12/2/20,12124,7133,24576,Huairou,HR18,40.53992599,116.5150808,664.6279297,Not Yet,Untreated,Untreated,Yangshuxia,,,,
HH20180766,S3,12/2/20,12124,7133,24576,Huairou,HR18,40.53992599,116.5150808,664.6279297,Not Yet,Untreated,Untreated,Yangshuxia,,,,
HH20180972,S3,12/2/20,12124,7133,24576,Huairou,HR18,40.53992599,116.5150808,664.6279297,Not Yet,Untreated,Untreated,Yangshuxia,,,,
HH20180974,S3,12/2/20,12124,7133,24576,Huairou,HR18,40.53992599,116.5150808,664.6279297,Not Yet,Untreated,Untreated,Yangshuxia,,,,
HH20181063,S3,12/2/20,12124,7133,24576,Huairou,HR18,40.53992599,116.5150808,664.6279297,Not Yet,Untreated,Untreated,Yangshuxia,,,,
HH20181066,S3,12/2/20,12124,7133,24576,Huairou,HR18,40.53992599,116.5150808,664.6279297,Not Yet,Untreated,Untreated,Yangshuxia,,,,
HH20180772,S3,12/5/20,12060,7130,24576,Huairou,HR20,40.77851859,116.5860722,354.5823975,Not Yet,Untreated,Untreated,Yinhegou,1811-54,81.06074,0.9987963,
HH20181145,S3,12/5/20,12060,7130,24576,Huairou,HR20,40.77851859,116.5860722,354.5823975,Not Yet,Untreated,Untreated,Yinhegou,1910-159,69.59886,0.9991667,
HH20180490,S3,12/5/20,12060,7130,24576,Huairou,HR20,40.77851859,116.5860722,354.5823975,Not Yet,Untreated,Untreated,Yinhegou,1910-190,37.74963,0.8742014,
HH20181084,S3,12/5/20,12060,7130,24576,Huairou,HR20,40.77851859,116.5860722,354.5823975,Not Yet,Untreated,Untreated,Yinhegou,1910-230,NA,NA,
HH20181173,S3,12/5/20,12060,7130,24576,Huairou,HR20,40.77851859,116.5860722,354.5823975,Not Yet,Untreated,Untreated,Yinhegou,1910-240,31.68105,0.9978125,
HH20181149,S3,12/5/20,12060,7130,24576,Huairou,HR20,40.77851859,116.5860722,354.5823975,Not Yet,Untreated,Untreated,Yinhegou,1910-323,57.30117,0.004895833,
HH20180493,S3,12/5/20,12060,7130,24576,Huairou,HR20,40.77851859,116.5860722,354.5823975,Not Yet,Untreated,Untreated,Yinhegou,,,,
HH20180771,S3,12/5/20,12060,7130,24576,Huairou,HR20,40.77851859,116.5860722,354.5823975,Not Yet,Untreated,Untreated,Yinhegou,,,,
HH20180773,S3,12/5/20,12060,7130,24576,Huairou,HR20,40.77851859,116.5860722,354.5823975,Not Yet,Untreated,Untreated,Yinhegou,,,,
HH20181146,S3,12/5/20,12060,7130,24576,Huairou,HR20,40.77851859,116.5860722,354.5823975,Not Yet,Untreated,Untreated,Yinhegou,,,,
HH20181171,S3,12/5/20,12060,7130,24576,Huairou,HR20,40.77851859,116.5860722,354.5823975,Not Yet,Untreated,Untreated,Yinhegou,,,,
HH20181172,S3,12/5/20,12060,7130,24576,Huairou,HR20,40.77851859,116.5860722,354.5823975,Not Yet,Untreated,Untreated,Yinhegou,,,,
HH20180295,S3,12/25/20,14265,7033,38376,Mentougou,MTG1,40.00632768,115.9374397,222.1682739,Not Yet,Untreated,Untreated,Anjiazhuang,1910-018,38.92601,0.999375,
HH20180113,S3,12/25/20,14265,7033,38376,Mentougou,MTG1,40.00632768,115.9374397,222.1682739,Not Yet,Untreated,Untreated,Anjiazhuang,1910-058,NA,NA,
HH20180157,S3,12/25/20,14265,7033,38376,Mentougou,MTG1,40.00632768,115.9374397,222.1682739,Not Yet,Untreated,Untreated,Anjiazhuang,1910-064,39.87286,0.9993287,
HH20180216,S3,12/25/20,14265,7033,38376,Mentougou,MTG1,40.00632768,115.9374397,222.1682739,Not Yet,Untreated,Untreated,Anjiazhuang,1910-073,11.93434,0.9925694,
HH20180167,S3,12/25/20,14265,7033,38376,Mentougou,MTG1,40.00632768,115.9374397,222.1682739,Not Yet,Untreated,Untreated,Anjiazhuang,1910-084,72.18746,0.879456,
HH20180223,S3,12/25/20,14265,7033,38376,Mentougou,MTG1,40.00632768,115.9374397,222.1682739,Not Yet,Untreated,Untreated,Anjiazhuang,1910-140,47.48732,0.9993403,
HH20180137,S3,12/25/20,14265,7033,38376,Mentougou,MTG1,40.00632768,115.9374397,222.1682739,Not Yet,Untreated,Untreated,Anjiazhuang,,,,
HH20180147,S3,12/25/20,14265,7033,38376,Mentougou,MTG1,40.00632768,115.9374397,222.1682739,Not Yet,Untreated,Untreated,Anjiazhuang,,,,
HH20180165,S3,12/25/20,14265,7033,38376,Mentougou,MTG1,40.00632768,115.9374397,222.1682739,Not Yet,Untreated,Untreated,Anjiazhuang,,,,
HH20180187,S3,12/25/20,14265,7033,38376,Mentougou,MTG1,40.00632768,115.9374397,222.1682739,Not Yet,Untreated,Untreated,Anjiazhuang,,,,
HH20180268,S3,12/25/20,14265,7033,38376,Mentougou,MTG1,40.00632768,115.9374397,222.1682739,Not Yet,Untreated,Untreated,Anjiazhuang,,,,
HH20180278,S3,12/25/20,14265,7033,38376,Mentougou,MTG1,40.00632768,115.9374397,222.1682739,Not Yet,Untreated,Untreated,Anjiazhuang,,,,
HH20180285,S3,12/25/20,14265,7033,38376,Mentougou,MTG1,40.00632768,115.9374397,222.1682739,Not Yet,Untreated,Untreated,Anjiazhuang,,,,
HH20180299,S3,12/25/20,14265,7033,38376,Mentougou,MTG1,40.00632768,115.9374397,222.1682739,Not Yet,Untreated,Untreated,Anjiazhuang,,,,
HH20180176,S3,12/25/20,14270,7033,38376,Mentougou,MTG4,39.97166324,115.9879404,194.9320679,2020,Treated,Treated in S4,Hebei,1910-183,31.97856,0.999375,
HH20180154,S3,12/25/20,14270,7033,38376,Mentougou,MTG4,39.97166324,115.9879404,194.9320679,2020,Treated,Treated in S4,Hebei,1910-229,45.51401,0.9992245,
HH20180163,S3,12/25/20,14270,7033,38376,Mentougou,MTG4,39.97166324,115.9879404,194.9320679,2020,Treated,Treated in S4,Hebei,1910-309,26.1502,0.9991898,
HH20180134,S3,12/25/20,14270,7033,38376,Mentougou,MTG4,39.97166324,115.9879404,194.9320679,2020,Treated,Treated in S4,Hebei,1910-311,82.77588,0.9993519,
HH20180179,S3,12/25/20,14270,7033,38376,Mentougou,MTG4,39.97166324,115.9879404,194.9320679,2020,Treated,Treated in S4,Hebei,1910-346,29.76339,0.9793981,
HH20180239,S3,12/25/20,14270,7033,38376,Mentougou,MTG4,39.97166324,115.9879404,194.9320679,2020,Treated,Treated in S4,Hebei,1910-354,99.7565,0.9993981,
HH20180116,S3,12/25/20,14270,7033,38376,Mentougou,MTG4,39.97166324,115.9879404,194.9320679,2020,Treated,Treated in S4,Hebei,,,,
HH20180144,S3,12/25/20,14270,7033,38376,Mentougou,MTG4,39.97166324,115.9879404,194.9320679,2020,Treated,Treated in S4,Hebei,,,,
HH20180219,S3,12/25/20,14270,7033,38376,Mentougou,MTG4,39.97166324,115.9879404,194.9320679,2020,Treated,Treated in S4,Hebei,,,,
HH20180229,S3,12/25/20,14270,7033,38376,Mentougou,MTG4,39.97166324,115.9879404,194.9320679,2020,Treated,Treated in S4,Hebei,,,,
HH20180242,S3,12/25/20,14270,7033,38376,Mentougou,MTG4,39.97166324,115.9879404,194.9320679,2020,Treated,Treated in S4,Hebei,,,,
HH20180185,S3,12/27/20,14303,7038,38376,Mentougou,MTG6,40.12874736,115.8153204,627.9373779,Not Yet,Untreated,Untreated,Matao,1807-14,91.07793,0.999294,
HH20180215,S3,12/27/20,14303,7038,38376,Mentougou,MTG6,40.12874736,115.8153204,627.9373779,Not Yet,Untreated,Untreated,Matao,1811-16,68.5779,0.999294,
HH20180110,S3,12/27/20,14303,7038,38376,Mentougou,MTG6,40.12874736,115.8153204,627.9373779,Not Yet,Untreated,Untreated,Matao,1811-35,196.541,0.997037,
HH20180180,S3,12/27/20,14303,7038,38376,Mentougou,MTG6,40.12874736,115.8153204,627.9373779,Not Yet,Untreated,Untreated,Matao,1910-039,175.5187,0.9992708,
HH20180148,S3,12/27/20,14303,7038,38376,Mentougou,MTG6,40.12874736,115.8153204,627.9373779,Not Yet,Untreated,Untreated,Matao,1910-116,259.4766,0.999375,
HH20180297,S3,12/27/20,14303,7038,38376,Mentougou,MTG6,40.12874736,115.8153204,627.9373779,Not Yet,Untreated,Untreated,Matao,1910-133,33.23162,0.9991782,
HH20180108,S3,12/27/20,14303,7038,38376,Mentougou,MTG6,40.12874736,115.8153204,627.9373779,Not Yet,Untreated,Untreated,Matao,,,,
HH20180190,S3,12/27/20,14303,7038,38376,Mentougou,MTG6,40.12874736,115.8153204,627.9373779,Not Yet,Untreated,Untreated,Matao,,,,
HH20180210,S3,12/27/20,14303,7038,38376,Mentougou,MTG6,40.12874736,115.8153204,627.9373779,Not Yet,Untreated,Untreated,Matao,,,,
HH20180225,S3,12/27/20,14303,7038,38376,Mentougou,MTG6,40.12874736,115.8153204,627.9373779,Not Yet,Untreated,Untreated,Matao,,,,
HH20180280,S3,12/27/20,14303,7038,38376,Mentougou,MTG6,40.12874736,115.8153204,627.9373779,Not Yet,Untreated,Untreated,Matao,,,,
HH20180292,S3,12/27/20,14303,7038,38376,Mentougou,MTG6,40.12874736,115.8153204,627.9373779,Not Yet,Untreated,Untreated,Matao,,,,
HH20190200,S3,12/27/20,14303,7038,38376,Mentougou,MTG6,40.12874736,115.8153204,627.9373779,Not Yet,Untreated,Untreated,Matao,,,,
HH20181095,S3,12/30/20,14290,7038,38376,Mentougou,MTG9,40.01454485,115.8180303,277.8676758,Not Yet,Untreated,Untreated,Qingbaikou,1807-16,43.4141,0.9993056,
HH20181009,S3,12/30/20,14290,7038,38376,Mentougou,MTG9,40.01454485,115.8180303,277.8676758,Not Yet,Untreated,Untreated,Qingbaikou,1811-07,43.4141,0.9993056,
HH20180754,S3,12/30/20,14290,7038,38376,Mentougou,MTG9,40.01454485,115.8180303,277.8676758,Not Yet,Untreated,Untreated,Qingbaikou,1811-15,NA,NA,
HH20180753,S3,12/30/20,14290,7038,38376,Mentougou,MTG9,40.01454485,115.8180303,277.8676758,Not Yet,Untreated,Untreated,Qingbaikou,1811-27,432.6835,0.9993287,
HH20180214,S3,12/30/20,14290,7038,38376,Mentougou,MTG9,40.01454485,115.8180303,277.8676758,Not Yet,Untreated,Untreated,Qingbaikou,1910-131,77.11809,0.9992245,
HH20180707,S3,12/30/20,14290,7038,38376,Mentougou,MTG9,40.01454485,115.8180303,277.8676758,Not Yet,Untreated,Untreated,Qingbaikou,1910-303,43.4141,0.9993056,
HH20180171,S3,12/30/20,14290,7038,38376,Mentougou,MTG9,40.01454485,115.8180303,277.8676758,Not Yet,Untreated,Untreated,Qingbaikou,,,,
HH20180755,S3,12/30/20,14290,7038,38376,Mentougou,MTG9,40.01454485,115.8180303,277.8676758,Not Yet,Untreated,Untreated,Qingbaikou,,,,
HH20180757,S3,12/30/20,14290,7038,38376,Mentougou,MTG9,40.01454485,115.8180303,277.8676758,Not Yet,Untreated,Untreated,Qingbaikou,,,,
HH20181011,S3,12/30/20,14290,7038,38376,Mentougou,MTG9,40.01454485,115.8180303,277.8676758,Not Yet,Untreated,Untreated,Qingbaikou,,,,
HH20181094,S3,12/30/20,14290,7038,38376,Mentougou,MTG9,40.01454485,115.8180303,277.8676758,Not Yet,Untreated,Untreated,Qingbaikou,,,,
HH20190225,S3,12/30/20,14290,7038,38376,Mentougou,MTG9,40.01454485,115.8180303,277.8676758,Not Yet,Untreated,Untreated,Qingbaikou,,,,
HH20181008,S3,12/28/20,14285,7038,38376,Mentougou,MTG8,40.0394027,115.8618762,280.7319336,Not Yet,Untreated,Untreated,Qinyu,1910-074,96.4338,0.6369792,
HH20180750,S3,12/28/20,14285,7038,38376,Mentougou,MTG8,40.0394027,115.8618762,280.7319336,Not Yet,Untreated,Untreated,Qinyu,1910-126,68.1781,0.9993519,
HH20180703,S3,12/28/20,14285,7038,38376,Mentougou,MTG8,40.0394027,115.8618762,280.7319336,Not Yet,Untreated,Untreated,Qinyu,1910-144,25.30492,0.7444907,
HH20180702,S3,12/28/20,14285,7038,38376,Mentougou,MTG8,40.0394027,115.8618762,280.7319336,Not Yet,Untreated,Untreated,Qinyu,1910-166,59.5173,0.8828356,
HH20180701,S3,12/28/20,14285,7038,38376,Mentougou,MTG8,40.0394027,115.8618762,280.7319336,Not Yet,Untreated,Untreated,Qinyu,1910-328,92.90306,0.9954398,
HH20180184,S3,12/28/20,14285,7038,38376,Mentougou,MTG8,40.0394027,115.8618762,280.7319336,Not Yet,Untreated,Untreated,Qinyu,1910-330,175.0131,0.9979514,
HH20180204,S3,12/28/20,14285,7038,38376,Mentougou,MTG8,40.0394027,115.8618762,280.7319336,Not Yet,Untreated,Untreated,Qinyu,,,,
HH20180224,S3,12/28/20,14285,7038,38376,Mentougou,MTG8,40.0394027,115.8618762,280.7319336,Not Yet,Untreated,Untreated,Qinyu,,,,
HH20180752,S3,12/28/20,14285,7038,38376,Mentougou,MTG8,40.0394027,115.8618762,280.7319336,Not Yet,Untreated,Untreated,Qinyu,,,,
HH20181004,S3,12/28/20,14285,7038,38376,Mentougou,MTG8,40.0394027,115.8618762,280.7319336,Not Yet,Untreated,Untreated,Qinyu,,,,
HH20181007,S3,12/28/20,14285,7038,38376,Mentougou,MTG8,40.0394027,115.8618762,280.7319336,Not Yet,Untreated,Untreated,Qinyu,,,,
HH20181099,S3,12/28/20,14285,7038,38376,Mentougou,MTG8,40.0394027,115.8618762,280.7319336,Not Yet,Untreated,Untreated,Qinyu,,,,
HH20180257,S3,12/26/20,14294,7038,38376,Mentougou,MTG3,40.08673298,115.9455701,414.9429321,Not Yet,Untreated,Untreated,Sijiashui,1807-09,237.5285,0.3571181,
HH20180149,S3,12/26/20,14294,7038,38376,Mentougou,MTG3,40.08673298,115.9455701,414.9429321,Not Yet,Untreated,Untreated,Sijiashui,1807-26,245.8885,0.9993056,
HH20180139,S3,12/26/20,14294,7038,38376,Mentougou,MTG3,40.08673298,115.9455701,414.9429321,Not Yet,Untreated,Untreated,Sijiashui,1811-17,103.0125,0.6019907,
HH20180277,S3,12/26/20,14294,7038,38376,Mentougou,MTG3,40.08673298,115.9455701,414.9429321,Not Yet,Untreated,Untreated,Sijiashui,1811-39,73.3889,0.9991204,
HH20180156,S3,12/26/20,14294,7038,38376,Mentougou,MTG3,40.08673298,115.9455701,414.9429321,Not Yet,Untreated,Untreated,Sijiashui,1910-049,178.6562,0.9830787,
HH20180119,S3,12/26/20,14294,7038,38376,Mentougou,MTG3,40.08673298,115.9455701,414.9429321,Not Yet,Untreated,Untreated,Sijiashui,1910-050,135.6316,0.01099537,
HH20180109,S3,12/26/20,14294,7038,38376,Mentougou,MTG3,40.08673298,115.9455701,414.9429321,Not Yet,Untreated,Untreated,Sijiashui,,,,
HH20180123,S3,12/26/20,14294,7038,38376,Mentougou,MTG3,40.08673298,115.9455701,414.9429321,Not Yet,Untreated,Untreated,Sijiashui,,,,
HH20180235,S3,12/26/20,14294,7038,38376,Mentougou,MTG3,40.08673298,115.9455701,414.9429321,Not Yet,Untreated,Untreated,Sijiashui,,,,
HH20180252,S3,12/26/20,14294,7038,38376,Mentougou,MTG3,40.08673298,115.9455701,414.9429321,Not Yet,Untreated,Untreated,Sijiashui,,,,
HH20180267,S3,12/26/20,14294,7038,38376,Mentougou,MTG3,40.08673298,115.9455701,414.9429321,Not Yet,Untreated,Untreated,Sijiashui,,,,
HH20180274,S3,12/26/20,14294,7038,38376,Mentougou,MTG3,40.08673298,115.9455701,414.9429321,Not Yet,Untreated,Untreated,Sijiashui,,,,
HH20190116,S3,12/26/20,14294,7038,38376,Mentougou,MTG3,40.08673298,115.9455701,414.9429321,Not Yet,Untreated,Untreated,Sijiashui,,,,
HH20190156,S3,12/26/20,14294,7038,38376,Mentougou,MTG3,40.08673298,115.9455701,414.9429321,Not Yet,Untreated,Untreated,Sijiashui,,,,
HH20190244,S3,12/26/20,14294,7038,38376,Mentougou,MTG3,40.08673298,115.9455701,414.9429321,Not Yet,Untreated,Untreated,Sijiashui,,,,
HH20180294,S3,12/24/20,14267,7033,38376,Mentougou,MTG2,39.9683234,115.975172,187.6270752,2020,Treated,Treated in S4,Xiwangping,1910-122,27.14238,0.9954514,
HH20180207,S3,12/24/20,14267,7033,38376,Mentougou,MTG2,39.9683234,115.975172,187.6270752,2020,Treated,Treated in S4,Xiwangping,1910-193,50.88959,0.9993519,
HH20190241,S3,12/24/20,14267,7033,38376,Mentougou,MTG2,39.9683234,115.975172,187.6270752,2020,Treated,Treated in S4,Xiwangping,1910-233,40.48362,0.9993403,
HH20180189,S3,12/24/20,14267,7033,38376,Mentougou,MTG2,39.9683234,115.975172,187.6270752,2020,Treated,Treated in S4,Xiwangping,1910-268,38.26281,0.9840278,
HH20180159,S3,12/24/20,14267,7033,38376,Mentougou,MTG2,39.9683234,115.975172,187.6270752,2020,Treated,Treated in S4,Xiwangping,1910-320,NA,NA,
HH20180217,S3,12/24/20,14267,7033,38376,Mentougou,MTG2,39.9683234,115.975172,187.6270752,2020,Treated,Treated in S4,Xiwangping,1910-338,65.21693,0.9993519,
HH20180117,S3,12/24/20,14267,7033,38376,Mentougou,MTG2,39.9683234,115.975172,187.6270752,2020,Treated,Treated in S4,Xiwangping,,,,
HH20180245,S3,12/24/20,14267,7033,38376,Mentougou,MTG2,39.9683234,115.975172,187.6270752,2020,Treated,Treated in S4,Xiwangping,,,,
HH20180258,S3,12/24/20,14267,7033,38376,Mentougou,MTG2,39.9683234,115.975172,187.6270752,2020,Treated,Treated in S4,Xiwangping,,,,
HH20190265,S3,12/24/20,14267,7033,38376,Mentougou,MTG2,39.9683234,115.975172,187.6270752,2020,Treated,Treated in S4,Xiwangping,,,,
HH20180936,S3,12/17/20,10883,7167,23494,Miyun,MY44,40.44603246,117.1736913,289.31604,2019,Treated,Treated in S2,Cangshuhui,1807-11,59.07446,0.998206,
HH20180639,S3,12/17/20,10883,7167,23494,Miyun,MY44,40.44603246,117.1736913,289.31604,2019,Treated,Treated in S2,Cangshuhui,1811-13,NA,NA,
HH20180638,S3,12/17/20,10883,7167,23494,Miyun,MY44,40.44603246,117.1736913,289.31604,2019,Treated,Treated in S2,Cangshuhui,1811-48,168.1631,0.8562384,
HH20180855,S3,12/17/20,10883,7167,23494,Miyun,MY44,40.44603246,117.1736913,289.31604,2019,Treated,Treated in S2,Cangshuhui,1910-037,34.65765,0.9892014,
HH20180935,S3,12/17/20,10883,7167,23494,Miyun,MY44,40.44603246,117.1736913,289.31604,2019,Treated,Treated in S2,Cangshuhui,1910-168,237.0304,0.5510185,
HH20180543,S3,12/17/20,10883,7167,23494,Miyun,MY44,40.44603246,117.1736913,289.31604,2019,Treated,Treated in S2,Cangshuhui,1910-318,246.5262,0.9986921,
HH20180541,S3,12/17/20,10883,7167,23494,Miyun,MY44,40.44603246,117.1736913,289.31604,2019,Treated,Treated in S2,Cangshuhui,,,,
HH20180542,S3,12/17/20,10883,7167,23494,Miyun,MY44,40.44603246,117.1736913,289.31604,2019,Treated,Treated in S2,Cangshuhui,,,,
HH20180808,S3,12/17/20,10883,7167,23494,Miyun,MY44,40.44603246,117.1736913,289.31604,2019,Treated,Treated in S2,Cangshuhui,,,,
HH20180856,S3,12/17/20,10883,7167,23494,Miyun,MY44,40.44603246,117.1736913,289.31604,2019,Treated,Treated in S2,Cangshuhui,,,,
HH20180940,S3,12/17/20,10883,7167,23494,Miyun,MY44,40.44603246,117.1736913,289.31604,2019,Treated,Treated in S2,Cangshuhui,,,,
HH20180958,S3,12/17/20,10883,7167,23494,Miyun,MY44,40.44603246,117.1736913,289.31604,2019,Treated,Treated in S2,Cangshuhui,,,,
HH20180627,S3,12/15/20,10885,7167,23494,Miyun,MY41,40.41408932,117.1459896,267.3790283,Not Yet,Untreated,Untreated,Chenggezhuang,1811-28,NA,NA,
HH20180738,S3,12/15/20,10885,7167,23494,Miyun,MY41,40.41408932,117.1459896,267.3790283,Not Yet,Untreated,Untreated,Chenggezhuang,1910-091,53.87883,0.9987153,
HH20180805,S3,12/15/20,10885,7167,23494,Miyun,MY41,40.41408932,117.1459896,267.3790283,Not Yet,Untreated,Untreated,Chenggezhuang,1910-170,233.4432,0.9986806,
HH20180742,S3,12/15/20,10885,7167,23494,Miyun,MY41,40.41408932,117.1459896,267.3790283,Not Yet,Untreated,Untreated,Chenggezhuang,1910-260,49.22416,0.684919,
HH20181130,S3,12/15/20,10885,7167,23494,Miyun,MY41,40.41408932,117.1459896,267.3790283,Not Yet,Untreated,Untreated,Chenggezhuang,1910-307,119.6581,0.9993403,
HH20180739,S3,12/15/20,10885,7167,23494,Miyun,MY41,40.41408932,117.1459896,267.3790283,Not Yet,Untreated,Untreated,Chenggezhuang,1910-324,61.93948,0.9987153,
HH20180628,S3,12/15/20,10885,7167,23494,Miyun,MY41,40.41408932,117.1459896,267.3790283,Not Yet,Untreated,Untreated,Chenggezhuang,,,,
HH20180806,S3,12/15/20,10885,7167,23494,Miyun,MY41,40.41408932,117.1459896,267.3790283,Not Yet,Untreated,Untreated,Chenggezhuang,,,,
HH20180810,S3,12/15/20,10885,7167,23494,Miyun,MY41,40.41408932,117.1459896,267.3790283,Not Yet,Untreated,Untreated,Chenggezhuang,,,,
HH20181129,S3,12/15/20,10885,7167,23494,Miyun,MY41,40.41408932,117.1459896,267.3790283,Not Yet,Untreated,Untreated,Chenggezhuang,,,,
HH20190103,S3,12/15/20,10885,7167,23494,Miyun,MY41,40.41408932,117.1459896,267.3790283,Not Yet,Untreated,Untreated,Chenggezhuang,,,,
HH20190249,S3,12/15/20,10885,7167,23494,Miyun,MY41,40.41408932,117.1459896,267.3790283,Not Yet,Untreated,Untreated,Chenggezhuang,,,,
HH20180622,S3,12/19/20,10897,7167,23494,Miyun,MY47,40.41147078,117.1032389,260.4848633,2019,Treated,Treated in S2,Dalongmen,1910-059,70.8793,0.5834606,
HH20180874,S3,12/19/20,10897,7167,23494,Miyun,MY47,40.41147078,117.1032389,260.4848633,2019,Treated,Treated in S2,Dalongmen,1910-098,227.1931,0.9993287,
HH20180844,S3,12/19/20,10897,7167,23494,Miyun,MY47,40.41147078,117.1032389,260.4848633,2019,Treated,Treated in S2,Dalongmen,1910-146,24.09523,0.7752315,
HH20180822,S3,12/19/20,10897,7167,23494,Miyun,MY47,40.41147078,117.1032389,260.4848633,2019,Treated,Treated in S2,Dalongmen,1910-231,125.7639,0.9990625,
HH20190233,S3,12/19/20,10897,7167,23494,Miyun,MY47,40.41147078,117.1032389,260.4848633,2019,Treated,Treated in S2,Dalongmen,1910-249,52.66261,0.9992824,
HH20180525,S3,12/19/20,10897,7167,23494,Miyun,MY47,40.41147078,117.1032389,260.4848633,2019,Treated,Treated in S2,Dalongmen,1910-336,37.98392,0.9888194,
HH20180621,S3,12/19/20,10897,7167,23494,Miyun,MY47,40.41147078,117.1032389,260.4848633,2019,Treated,Treated in S2,Dalongmen,,,,
HH20180820,S3,12/19/20,10897,7167,23494,Miyun,MY47,40.41147078,117.1032389,260.4848633,2019,Treated,Treated in S2,Dalongmen,,,,
HH20180875,S3,12/19/20,10897,7167,23494,Miyun,MY47,40.41147078,117.1032389,260.4848633,2019,Treated,Treated in S2,Dalongmen,,,,
HH20181132,S3,12/19/20,10897,7167,23494,Miyun,MY47,40.41147078,117.1032389,260.4848633,2019,Treated,Treated in S2,Dalongmen,,,,
HH20190111,S3,12/19/20,10897,7167,23494,Miyun,MY47,40.41147078,117.1032389,260.4848633,2019,Treated,Treated in S2,Dalongmen,,,,
HH20190127,S3,12/19/20,10897,7167,23494,Miyun,MY47,40.41147078,117.1032389,260.4848633,2019,Treated,Treated in S2,Dalongmen,,,,
HH20180842,S3,12/21/20,10892,7167,23494,Miyun,MY50,40.37447092,117.1031652,255.1019287,2019,Treated,Treated in S2,Fangeryu,1910-005,31.97371,0.9993519,
HH20180839,S3,12/21/20,10892,7167,23494,Miyun,MY50,40.37447092,117.1031652,255.1019287,2019,Treated,Treated in S2,Fangeryu,1910-169,NA,NA,
HH20180534,S3,12/21/20,10892,7167,23494,Miyun,MY50,40.37447092,117.1031652,255.1019287,2019,Treated,Treated in S2,Fangeryu,1910-237,28.36302,0.2751505,
HH20180840,S3,12/21/20,10892,7167,23494,Miyun,MY50,40.37447092,117.1031652,255.1019287,2019,Treated,Treated in S2,Fangeryu,1910-285,52.86571,0.9990856,
HH20180528,S3,12/21/20,10892,7167,23494,Miyun,MY50,40.37447092,117.1031652,255.1019287,2019,Treated,Treated in S2,Fangeryu,1910-305,NA,NA,
HH20180866,S3,12/21/20,10892,7167,23494,Miyun,MY50,40.37447092,117.1031652,255.1019287,2019,Treated,Treated in S2,Fangeryu,1910-319,NA,NA,
HH20180529,S3,12/21/20,10892,7167,23494,Miyun,MY50,40.37447092,117.1031652,255.1019287,2019,Treated,Treated in S2,Fangeryu,,,,
HH20180535,S3,12/21/20,10892,7167,23494,Miyun,MY50,40.37447092,117.1031652,255.1019287,2019,Treated,Treated in S2,Fangeryu,,,,
HH20180697,S3,12/21/20,10892,7167,23494,Miyun,MY50,40.37447092,117.1031652,255.1019287,2019,Treated,Treated in S2,Fangeryu,,,,
HH20180834,S3,12/21/20,10892,7167,23494,Miyun,MY50,40.37447092,117.1031652,255.1019287,2019,Treated,Treated in S2,Fangeryu,,,,
HH20180835,S3,12/21/20,10892,7167,23494,Miyun,MY50,40.37447092,117.1031652,255.1019287,2019,Treated,Treated in S2,Fangeryu,,,,
HH20180864,S3,12/21/20,10892,7167,23494,Miyun,MY50,40.37447092,117.1031652,255.1019287,2019,Treated,Treated in S2,Fangeryu,,,,
HH20180951,S3,12/21/20,10892,7167,23494,Miyun,MY50,40.37447092,117.1031652,255.1019287,2019,Treated,Treated in S2,Fangeryu,,,,
HH20181196,S3,12/12/20,10889,7167,23494,Miyun,MY46,40.40264849,117.1217953,227.7615356,2020,Treated,Treated in S4,Gaozhuangzi,1910-165,39.62233,0.2717824,
HH20180387,S3,12/12/20,10889,7167,23494,Miyun,MY46,40.40264849,117.1217953,227.7615356,2020,Treated,Treated in S4,Gaozhuangzi,1910-174,75.77675,0.1659954,
HH20180395,S3,12/12/20,10889,7167,23494,Miyun,MY46,40.40264849,117.1217953,227.7615356,2020,Treated,Treated in S4,Gaozhuangzi,1910-289,229.6475,0.999213,
HH20180396,S3,12/12/20,10889,7167,23494,Miyun,MY46,40.40264849,117.1217953,227.7615356,2020,Treated,Treated in S4,Gaozhuangzi,1910-335,44.70281,0.9993519,
HH20180538,S3,12/12/20,10889,7167,23494,Miyun,MY46,40.40264849,117.1217953,227.7615356,2020,Treated,Treated in S4,Gaozhuangzi,1910-343,69.03356,0.9993634,
HH20180537,S3,12/12/20,10889,7167,23494,Miyun,MY46,40.40264849,117.1217953,227.7615356,2020,Treated,Treated in S4,Gaozhuangzi,1910-355,39.84015,0.9983449,
HH20180384,S3,12/12/20,10889,7167,23494,Miyun,MY46,40.40264849,117.1217953,227.7615356,2020,Treated,Treated in S4,Gaozhuangzi,,,,
HH20180386,S3,12/12/20,10889,7167,23494,Miyun,MY46,40.40264849,117.1217953,227.7615356,2020,Treated,Treated in S4,Gaozhuangzi,,,,
HH20180391,S3,12/12/20,10889,7167,23494,Miyun,MY46,40.40264849,117.1217953,227.7615356,2020,Treated,Treated in S4,Gaozhuangzi,,,,
HH20181192,S3,12/12/20,10889,7167,23494,Miyun,MY46,40.40264849,117.1217953,227.7615356,2020,Treated,Treated in S4,Gaozhuangzi,,,,
HH20181193,S3,12/12/20,10889,7167,23494,Miyun,MY46,40.40264849,117.1217953,227.7615356,2020,Treated,Treated in S4,Gaozhuangzi,,,,
HH20190107,S3,12/12/20,10889,7167,23494,Miyun,MY46,40.40264849,117.1217953,227.7615356,2020,Treated,Treated in S4,Gaozhuangzi,,,,
HH20181124,S3,12/11/20,10895,7167,23494,Miyun,MY40,40.38486026,117.073982,205.6751709,2021,Treated,Treated in S4,Hexia,1910-019,109.4613,0.9993634,
HH20180618,S3,12/11/20,10895,7167,23494,Miyun,MY40,40.38486026,117.073982,205.6751709,2021,Treated,Treated in S4,Hexia,1910-038,36.27116,0.6288426,
HH20181125,S3,12/11/20,10895,7167,23494,Miyun,MY40,40.38486026,117.073982,205.6751709,2021,Treated,Treated in S4,Hexia,1910-054,33.74783,0.4273958,
HH20180683,S3,12/11/20,10895,7167,23494,Miyun,MY40,40.38486026,117.073982,205.6751709,2021,Treated,Treated in S4,Hexia,1910-158,41.22751,0.7584838,
HH20180616,S3,12/11/20,10895,7167,23494,Miyun,MY40,40.38486026,117.073982,205.6751709,2021,Treated,Treated in S4,Hexia,1910-275,99.98432,0.9993403,
HH20180684,S3,12/11/20,10895,7167,23494,Miyun,MY40,40.38486026,117.073982,205.6751709,2021,Treated,Treated in S4,Hexia,1910-334,247.1384,0.9993519,
HH20180409,S3,12/11/20,10895,7167,23494,Miyun,MY40,40.38486026,117.073982,205.6751709,2021,Treated,Treated in S4,Hexia,,,,
HH20180410,S3,12/11/20,10895,7167,23494,Miyun,MY40,40.38486026,117.073982,205.6751709,2021,Treated,Treated in S4,Hexia,,,,
HH20180434,S3,12/11/20,10895,7167,23494,Miyun,MY40,40.38486026,117.073982,205.6751709,2021,Treated,Treated in S4,Hexia,,,,
HH20190104,S3,12/11/20,10895,7167,23494,Miyun,MY40,40.38486026,117.073982,205.6751709,2021,Treated,Treated in S4,Hexia,,,,
HH20190172,S3,12/11/20,10895,7167,23494,Miyun,MY40,40.38486026,117.073982,205.6751709,2021,Treated,Treated in S4,Hexia,,,,
HH20180389,S3,12/16/20,10891,7167,23494,Miyun,MY45,40.38601362,117.1129546,234.5086365,2019,Treated,Treated in S2,Niejiayu,1910-046,165.0791,0.992419,
HH20181190,S3,12/16/20,10891,7167,23494,Miyun,MY45,40.38601362,117.1129546,234.5086365,2019,Treated,Treated in S2,Niejiayu,1910-163,114.9813,0.9993866,
HH20180854,S3,12/16/20,10891,7167,23494,Miyun,MY45,40.38601362,117.1129546,234.5086365,2019,Treated,Treated in S2,Niejiayu,1910-191,63.94731,0.9832407,
HH20181191,S3,12/16/20,10891,7167,23494,Miyun,MY45,40.38601362,117.1129546,234.5086365,2019,Treated,Treated in S2,Niejiayu,1910-192,34.31683,0.999375,
HH20180385,S3,12/16/20,10891,7167,23494,Miyun,MY45,40.38601362,117.1129546,234.5086365,2019,Treated,Treated in S2,Niejiayu,1910-232,63.94731,0.9832407,
HH20181195,S3,12/16/20,10891,7167,23494,Miyun,MY45,40.38601362,117.1129546,234.5086365,2019,Treated,Treated in S2,Niejiayu,1910-300,156.9712,0.9988542,
HH20180393,S3,12/16/20,10891,7167,23494,Miyun,MY45,40.38601362,117.1129546,234.5086365,2019,Treated,Treated in S2,Niejiayu,,,,
HH20180397,S3,12/16/20,10891,7167,23494,Miyun,MY45,40.38601362,117.1129546,234.5086365,2019,Treated,Treated in S2,Niejiayu,,,,
HH20180399,S3,12/16/20,10891,7167,23494,Miyun,MY45,40.38601362,117.1129546,234.5086365,2019,Treated,Treated in S2,Niejiayu,,,,
HH20180876,S3,12/16/20,10891,7167,23494,Miyun,MY45,40.38601362,117.1129546,234.5086365,2019,Treated,Treated in S2,Niejiayu,,,,
HH20181200,S3,12/16/20,10891,7167,23494,Miyun,MY45,40.38601362,117.1129546,234.5086365,2019,Treated,Treated in S2,Niejiayu,,,,
HH20190246,S3,12/16/20,10891,7167,23494,Miyun,MY45,40.38601362,117.1129546,234.5086365,2019,Treated,Treated in S2,Niejiayu,,,,
HH20180694,S3,12/18/20,10898,7167,23494,Miyun,MY49,40.42083327,117.0706144,311.335083,2019,Treated,Treated in S2,Penghesi,1910-139,26.12867,0.2929167,
HH20180816,S3,12/18/20,10898,7167,23494,Miyun,MY49,40.42083327,117.0706144,311.335083,2019,Treated,Treated in S2,Penghesi,1910-221,48.8631,0.9975463,
HH20180814,S3,12/18/20,10898,7167,23494,Miyun,MY49,40.42083327,117.0706144,311.335083,2019,Treated,Treated in S2,Penghesi,1910-272,245.7098,0.635463,
HH20180522,S3,12/18/20,10898,7167,23494,Miyun,MY49,40.42083327,117.0706144,311.335083,2019,Treated,Treated in S2,Penghesi,1910-286,37.28711,0.9989468,
HH20180626,S3,12/18/20,10898,7167,23494,Miyun,MY49,40.42083327,117.0706144,311.335083,2019,Treated,Treated in S2,Penghesi,1910-327,167.8552,0.9992477,
HH20180815,S3,12/18/20,10898,7167,23494,Miyun,MY49,40.42083327,117.0706144,311.335083,2019,Treated,Treated in S2,Penghesi,1910-347,56.87257,0.9809722,
HH20180514,S3,12/18/20,10898,7167,23494,Miyun,MY49,40.42083327,117.0706144,311.335083,2019,Treated,Treated in S2,Penghesi,,,,
HH20180872,S3,12/18/20,10898,7167,23494,Miyun,MY49,40.42083327,117.0706144,311.335083,2019,Treated,Treated in S2,Penghesi,,,,
HH20181131,S3,12/18/20,10898,7167,23494,Miyun,MY49,40.42083327,117.0706144,311.335083,2019,Treated,Treated in S2,Penghesi,,,,
HH20190160,S3,12/18/20,10898,7167,23494,Miyun,MY49,40.42083327,117.0706144,311.335083,2019,Treated,Treated in S2,Penghesi,,,,
HH20190251,S3,12/18/20,10898,7167,23494,Miyun,MY49,40.42083327,117.0706144,311.335083,2019,Treated,Treated in S2,Penghesi,,,,
HH20190296,S3,12/18/20,10898,7167,23494,Miyun,MY49,40.42083327,117.0706144,311.335083,2019,Treated,Treated in S2,Penghesi,,,,
HH20180735,S3,12/10/20,10894,7167,23494,Miyun,MY39,40.39262728,117.0939571,207.492218,2019,Treated,Treated in S2,Wanggezhuang,1910-009,40.7609,0.9988426,
HH20180826,S3,12/10/20,10894,7167,23494,Miyun,MY39,40.39262728,117.0939571,207.492218,2019,Treated,Treated in S2,Wanggezhuang,1910-052,48.97194,0.9993056,
HH20180825,S3,12/10/20,10894,7167,23494,Miyun,MY39,40.39262728,117.0939571,207.492218,2019,Treated,Treated in S2,Wanggezhuang,1910-112,NA,NA,
HH20180930,S3,12/10/20,10894,7167,23494,Miyun,MY39,40.39262728,117.0939571,207.492218,2019,Treated,Treated in S2,Wanggezhuang,1910-135,52.93245,0.9965046,
HH20180888,S3,12/10/20,10894,7167,23494,Miyun,MY39,40.39262728,117.0939571,207.492218,2019,Treated,Treated in S2,Wanggezhuang,1910-182,91.17337,0.9993634,
HH20180800,S3,12/10/20,10894,7167,23494,Miyun,MY39,40.39262728,117.0939571,207.492218,2019,Treated,Treated in S2,Wanggezhuang,1910-225,42.59859,0.9978125,
HH20180507,S3,12/10/20,10894,7167,23494,Miyun,MY39,40.39262728,117.0939571,207.492218,2019,Treated,Treated in S2,Wanggezhuang,,,,
HH20180508,S3,12/10/20,10894,7167,23494,Miyun,MY39,40.39262728,117.0939571,207.492218,2019,Treated,Treated in S2,Wanggezhuang,,,,
HH20180823,S3,12/10/20,10894,7167,23494,Miyun,MY39,40.39262728,117.0939571,207.492218,2019,Treated,Treated in S2,Wanggezhuang,,,,
HH20180899,S3,12/10/20,10894,7167,23494,Miyun,MY39,40.39262728,117.0939571,207.492218,2019,Treated,Treated in S2,Wanggezhuang,,,,
HH20180934,S3,12/10/20,10894,7167,23494,Miyun,MY39,40.39262728,117.0939571,207.492218,2019,Treated,Treated in S2,Wanggezhuang,,,,
HH20190214,S3,12/10/20,10894,7167,23494,Miyun,MY39,40.39262728,117.0939571,207.492218,2019,Treated,Treated in S2,Wanggezhuang,,,,
HH20180851,S3,,10888,7167,23494,Miyun,MY42,40.40891426,117.1323774,247.2461548,2021,Treated,Treated in S4,Yanggezhuang,1910-267,38.30628,0.9797685,
HH20180688,S3,,10888,7167,23494,Miyun,MY42,40.40891426,117.1323774,247.2461548,2021,Treated,Treated in S4,Yanggezhuang,1910-291,210.6092,0.2856713,
HH20180850,S3,,10888,7167,23494,Miyun,MY42,40.40891426,117.1323774,247.2461548,2021,Treated,Treated in S4,Yanggezhuang,1910-308,179.9983,0.9846875,
HH20180957,S3,,10888,7167,23494,Miyun,MY42,40.40891426,117.1323774,247.2461548,2021,Treated,Treated in S4,Yanggezhuang,1910-314,38.26217,0.9843056,
HH20180687,S3,,10888,7167,23494,Miyun,MY42,40.40891426,117.1323774,247.2461548,2021,Treated,Treated in S4,Yanggezhuang,1910-321,152.2994,0.9794444,
HH20180686,S3,,10888,7167,23494,Miyun,MY42,40.40891426,117.1323774,247.2461548,2021,Treated,Treated in S4,Yanggezhuang,1910-322,205.124,0.9829282,
HH20180510,S3,,10888,7167,23494,Miyun,MY42,40.40891426,117.1323774,247.2461548,2021,Treated,Treated in S4,Yanggezhuang,,,,
HH20180519,S3,,10888,7167,23494,Miyun,MY42,40.40891426,117.1323774,247.2461548,2021,Treated,Treated in S4,Yanggezhuang,,,,
HH20180546,S3,,10888,7167,23494,Miyun,MY42,40.40891426,117.1323774,247.2461548,2021,Treated,Treated in S4,Yanggezhuang,,,,
HH20180689,S3,,10888,7167,23494,Miyun,MY42,40.40891426,117.1323774,247.2461548,2021,Treated,Treated in S4,Yanggezhuang,,,,
HH20180852,S3,,10888,7167,23494,Miyun,MY42,40.40891426,117.1323774,247.2461548,2021,Treated,Treated in S4,Yanggezhuang,,,,
HH20180953,S3,,10888,7167,23494,Miyun,MY42,40.40891426,117.1323774,247.2461548,2021,Treated,Treated in S4,Yanggezhuang,,,,
HH20180511,S3,12/18/20,10899,7167,23494,Miyun,MY48,40.44064231,117.095893,544.3291016,2021,Treated,Treated in S4,Zhangquan,1910-072,188.7537,0.9993056,
HH20180862,S3,12/18/20,10899,7167,23494,Miyun,MY48,40.44064231,117.095893,544.3291016,2021,Treated,Treated in S4,Zhangquan,1910-161,38.40021,0.9987269,
HH20180532,S3,12/18/20,10899,7167,23494,Miyun,MY48,40.44064231,117.095893,544.3291016,2021,Treated,Treated in S4,Zhangquan,1910-198,55.02095,0.999294,
HH20180860,S3,12/18/20,10899,7167,23494,Miyun,MY48,40.44064231,117.095893,544.3291016,2021,Treated,Treated in S4,Zhangquan,1910-344,265.5881,0.9908681,
HH20180861,S3,12/18/20,10899,7167,23494,Miyun,MY48,40.44064231,117.095893,544.3291016,2021,Treated,Treated in S4,Zhangquan,1910-353,43.72833,0.9990625,
HH20180959,S3,12/18/20,10899,7167,23494,Miyun,MY48,40.44064231,117.095893,544.3291016,2021,Treated,Treated in S4,Zhangquan,1910-356,161.5971,0.9993287,
HH20180533,S3,12/18/20,10899,7167,23494,Miyun,MY48,40.44064231,117.095893,544.3291016,2021,Treated,Treated in S4,Zhangquan,,,,
HH20190171,S3,12/18/20,10899,7167,23494,Miyun,MY48,40.44064231,117.095893,544.3291016,2021,Treated,Treated in S4,Zhangquan,,,,
HH20190215,S3,12/18/20,10899,7167,23494,Miyun,MY48,40.44064231,117.095893,544.3291016,2021,Treated,Treated in S4,Zhangquan,,,,
HH20190272,S3,12/18/20,10899,7167,23494,Miyun,MY48,40.44064231,117.095893,544.3291016,2021,Treated,Treated in S4,Zhangquan,,,,
HH20190279,S3,12/18/20,10899,7167,23494,Miyun,MY48,40.44064231,117.095893,544.3291016,2021,Treated,Treated in S4,Zhangquan,,,,
HH20190280,S3,12/18/20,10899,7167,23494,Miyun,MY48,40.44064231,117.095893,544.3291016,2021,Treated,Treated in S4,Zhangquan,,,,
HH20180941,S3,12/13/20,10886,7167,23494,Miyun,MY43,40.4040694,117.1516669,278.0802002,Not Yet,Untreated,Untreated,Zhuanghuyu,1910-079,22.87323,0.4071065,
HH20180942,S3,12/13/20,10886,7167,23494,Miyun,MY43,40.4040694,117.1516669,278.0802002,Not Yet,Untreated,Untreated,Zhuanghuyu,1910-110,61.85891,0.9993519,
HH20180947,S3,12/13/20,10886,7167,23494,Miyun,MY43,40.4040694,117.1516669,278.0802002,Not Yet,Untreated,Untreated,Zhuanghuyu,1910-129,23.49947,0.9987731,
HH20180949,S3,12/13/20,10886,7167,23494,Miyun,MY43,40.4040694,117.1516669,278.0802002,Not Yet,Untreated,Untreated,Zhuanghuyu,1910-152,75.81547,0.9993981,
HH20180878,S3,12/13/20,10886,7167,23494,Miyun,MY43,40.4040694,117.1516669,278.0802002,Not Yet,Untreated,Untreated,Zhuanghuyu,1910-175,110.6798,0.01917824,
HH20190260,S3,12/13/20,10886,7167,23494,Miyun,MY43,40.4040694,117.1516669,278.0802002,Not Yet,Untreated,Untreated,Zhuanghuyu,1910-292,33.1287,0.9993866,
HH20180624,S3,12/13/20,10886,7167,23494,Miyun,MY43,40.4040694,117.1516669,278.0802002,Not Yet,Untreated,Untreated,Zhuanghuyu,,,,
HH20180695,S3,12/13/20,10886,7167,23494,Miyun,MY43,40.4040694,117.1516669,278.0802002,Not Yet,Untreated,Untreated,Zhuanghuyu,,,,
HH20180877,S3,12/13/20,10886,7167,23494,Miyun,MY43,40.4040694,117.1516669,278.0802002,Not Yet,Untreated,Untreated,Zhuanghuyu,,,,
HH20181075,S3,12/13/20,10886,7167,23494,Miyun,MY43,40.4040694,117.1516669,278.0802002,Not Yet,Untreated,Untreated,Zhuanghuyu,,,,
HH20181077,S3,12/13/20,10886,7167,23494,Miyun,MY43,40.4040694,117.1516669,278.0802002,Not Yet,Untreated,Untreated,Zhuanghuyu,,,,
HH20190243,S3,12/13/20,10886,7167,23494,Miyun,MY43,40.4040694,117.1516669,278.0802002,Not Yet,Untreated,Untreated,Zhuanghuyu,,,,